timestamp,close,volume,open,high,low
2014.3.24,46950,5978,46950,47400,46730
2014.3.25,46230,4190,46400,46420,46000
2014.3.26,46060,3074,46100,46100,46000
2014.3.27,45540,2197,45800,45820,45540
2014.3.28,44950,2663,45020,45100,44500
2014.3.31,44960,6231,44960,45030,44940
2014.4.1,44500,3296,44320,44500,44320
2014.4.2,44150,3561,44260,44300,44150
2014.4.3,44650,1557,44180,44680,44180
2014.4.4,44210,6118,44340,44340,44180
2014.4.7,44790,3253,44600,44800,44600
2014.4.8,44700,1986,44600,44700,44490
2014.4.9,44440,1937,44560,44560,44290
2014.4.10,44450,2477,44350,44450,44100
2014.4.11,44370,6934,44650,44650,44350
2014.4.14,44700,3969,44380,44780,44380
2014.4.15,44660,2497,44780,44830,44600
2014.4.16,43750,7139,44650,44650,43750
2014.4.17,43780,4003,43900,43900,43700
2014.4.18,43700,1527,43800,43800,43130
2014.4.21,43290,2795,43800,43800,43130
2014.4.22,43430,1299,43290,43500,43000
2014.4.23,43300,5194,43430,43430,43000
2014.4.24,43280,6236,43300,43350,43250
2014.4.25,43600,3474,43500,43650,43450
2014.4.28,44070,5528,43950,44080,43950
2014.4.29,43270,6194,43480,43480,43270
2014.4.30,43250,3503,43500,43500,43220
2014.5.2,42920,3967,43010,43010,42840
2014.5.7,43500,1031,43500,43700,43360
2014.5.8,42800,9726,42980,42980,42700
2014.5.9,42800,1884,42800,42800,42680
2014.5.12,42740,3021,42720,42900,42720
2014.5.13,42760,1846,43150,43150,42680
2014.5.14,43080,4059,42770,43080,42760
2014.5.15,43290,1653,43500,43500,43290
2014.5.16,42950,1828,42950,43250,42950
2014.5.19,42880,4299,42950,42950,42740
2014.5.20,42790,3332,42800,42890,42780
2014.5.21,43020,4672,43200,43200,43020
2014.5.22,42930,691,43000,43000,42820
2014.5.23,42870,1820,43000,43000,42840
2014.5.26,42830,2750,42800,42880,42800
2014.5.27,42670,11245,42800,42830,42670
2014.5.28,41840,9305,42100,42180,41780
2014.5.29,41570,4556,41830,41830,41540
2014.5.30,41570,3509,41600,41600,41520
2014.6.2,41240,5191,41480,41480,41240
2014.6.3,41220,5974,41300,41550,41180
2014.6.5,41100,8215,41300,41300,41070
2014.6.9,41220,2318,41120,41400,41120
2014.6.10,41250,1570,41200,41250,41190
2014.6.11,41460,4921,41270,41530,41270
2014.6.12,41450,3441,41680,41680,41450
2014.6.13,41860,2641,41980,41980,41800
2014.6.16,42300,3839,42200,42300,42140
2014.6.17,41900,3469,42100,42100,41850
2014.6.18,41980,3394,42000,42100,41900
2014.6.19,42090,516,42130,42130,42090
2014.6.20,43250,3119,43000,43250,43000
2014.6.23,43200,2427,43250,43250,43040
2014.6.24,43250,2967,43170,43300,43170
2014.6.25,43290,6577,43050,43450,43050
2014.6.26,43230,1463,43490,43490,43150
2014.6.27,43300,2426,43230,43300,43060
2014.6.30,43030,1077,43290,43290,43000
2014.7.1,43390,894,43300,43500,43250
2014.7.2,43200,3458,43320,43350,43200
2014.7.3,43150,4269,43300,43300,43000
2014.7.4,43000,4160,43030,43100,42990
2014.7.7,42900,2315,43200,43200,42900
2014.7.8,43150,1396,43200,43200,43000
2014.7.9,43230,1351,43100,43230,43100
2014.7.10,43430,2204,43450,43450,43270
2014.7.11,44070,7841,43780,44090,43770
2014.7.14,43720,1931,43880,44060,43720
2014.7.15,43300,1953,43200,43400,42900
2014.7.16,43220,1062,43040,43300,43040
2014.7.17,43350,897,43250,43450,43190
2014.7.18,43730,987,43500,43900,43500
2014.7.21,43500,1305,43640,43650,43340
2014.7.22,43290,2589,43410,43500,43250
2014.7.23,43100,8578,43300,43300,43100
2014.7.24,43090,695,43200,43200,43080
2014.7.25,42830,2910,43100,43100,42830
2014.7.28,43320,336,43300,43380,43100
2014.7.29,43170,7737,43320,43500,43150
2014.7.30,42900,3254,43200,43200,42900
2014.7.31,42950,989,42990,42990,42830
2014.8.1,42900,723,42900,43000,42870
2014.8.4,43010,503,42900,43120,42900
2014.8.5,42980,3256,43100,43150,42900
2014.8.6,43150,107,43150,43170,43110
2014.8.7,43630,6105,43350,43670,43350
2014.8.8,44160,11904,43660,44180,43660
2014.8.11,43550,12928,44100,44100,43460
2014.8.12,43350,5024,43550,43550,43350
2014.8.13,43470,1350,43520,43520,43380
2014.8.14,43340,3636,43510,43550,43340
2014.8.18,42810,4586,43080,43080,42720
2014.8.19,42760,5803,42800,42850,42740
2014.8.20,42800,1715,42800,42800,42720
2014.8.21,42580,2995,42800,42800,42550
2014.8.22,42200,6085,42300,42300,42100
2014.8.25,42150,2081,42300,42300,42110
2014.8.26,42220,2844,42200,42240,42050
2014.8.27,42100,5593,42140,42150,42080
2014.8.28,42180,3380,42100,42180,42100
2014.8.29,42250,9842,42480,42500,42250
2014.9.1,42200,2986,42250,42250,42180
2014.9.2,42170,2726,42160,42180,42130
2014.9.3,41900,5163,41900,42000,41640
2014.9.4,41900,3408,41950,41950,41800
2014.9.5,41900,13016,41820,41900,41600
2014.9.11,41790,4233,41780,41800,41750
2014.9.12,41600,10781,41750,41750,41410
2014.9.15,41410,5904,41700,41700,41350
2014.9.16,41480,3473,41280,41480,41280
2014.9.17,41400,2206,41500,41500,41300
2014.9.18,41280,4314,41250,41300,41150
2014.9.19,41300,1986,41280,41670,41220
2014.9.22,41040,9849,41200,41200,40880
2014.9.23,41300,989,41500,41500,41110
2014.9.24,41350,2289,41070,41480,41070
2014.9.25,41150,4316,41280,41280,40900
2014.9.26,41430,2182,41200,41900,41200
2014.9.29,41410,2547,41500,41500,41300
2014.9.30,41480,216,41500,41510,41410
2014.10.1,41520,2222,41480,41520,41400
2014.10.2,41750,312,41700,41800,41600
2014.10.6,41200,2981,41600,41600,40810
2014.10.7,41570,11038,41250,41580,41250
2014.10.8,42100,13374,41800,42100,41800
2014.10.10,42260,7275,42500,42500,42250
2014.10.13,42500,19457,42490,42680,42490
2014.10.14,42440,10776,42490,42550,42380
2014.10.15,42200,9594,42400,42400,42120
2014.10.16,42480,7298,42500,42570,42300
2014.10.17,42550,2674,42510,42690,42480
2014.10.20,42460,8689,42400,42460,42300
2014.10.21,42500,10430,42650,42650,42450
2014.10.22,42550,6766,42500,42590,42500
2014.10.23,42400,2814,42500,42500,42350
2014.10.24,42080,15520,42050,42200,42050
2014.10.27,41900,9972,42950,42950,41700
2014.10.28,41690,7925,41800,41880,41650
2014.10.29,41670,5197,41780,41780,41600
2014.10.30,41300,13006,41570,41570,41300
2014.10.31,41000,10806,41200,41200,40900
2014.11.3,40570,18229,40650,40780,40500
2014.11.4,40900,12187,40800,40900,40720
2014.11.5,40690,11459,40850,40850,40600
2014.11.6,40270,18508,40500,40500,40140
2014.11.7,40100,6874,40500,40500,40100
2014.11.10,41150,12423,40900,41200,40900
2014.11.11,40600,9977,41000,41000,40550
2014.11.12,41270,6427,41000,41300,41000
2014.11.13,41260,1947,41150,41390,40950
2014.11.14,41170,6617,41440,41440,41050
2014.11.17,41960,5398,41500,42290,41500
2014.11.18,42230,5456,42000,42230,42000
2014.11.19,42630,8996,42650,42650,42500
2014.11.20,42450,14339,42530,42530,42200
2014.11.21,42840,9082,42820,42900,42720
2014.11.24,43100,5160,43000,43150,43000
2014.11.25,42900,13474,43100,43110,42900
2014.11.26,42910,8789,42990,42990,42840
2014.11.27,42290,12379,42810,42810,42240
2014.11.28,42370,595,42280,42450,42280
2014.12.1,41460,16410,41900,41900,41460
2014.12.2,42950,11052,42700,43100,42700
2014.12.3,43050,3324,42900,43100,42900
2014.12.4,43300,16076,43110,43350,43110
2014.12.5,43050,5728,43200,43200,43000
2014.12.8,43030,7714,43000,43030,42970
2014.12.9,42970,7648,43030,43250,42970
2014.12.10,43850,10500,43700,43850,43700
2014.12.11,43640,10416,43770,43770,43500
2014.12.12,43550,12047,43850,43850,43450
2014.12.15,43320,5674,43650,43650,43320
2014.12.16,42100,28240,42500,42600,42060
2014.12.17,42350,8758,41990,42350,41900
2014.12.18,42740,8507,42340,42800,42200
2014.12.19,42700,12577,42700,42700,42600
2014.12.22,42480,6452,42590,42630,42410
2014.12.23,42290,10806,42060,42290,41850
2014.12.24,42100,10821,42280,42280,42000
2014.12.26,42230,3325,42080,42240,42060
2014.12.29,42500,2221,42400,42600,42370
2014.12.30,42330,4917,42450,42450,42200
2015.1.2,42300,5509,42300,42990,42300
2015.1.5,42680,4362,42400,42700,42370
2015.1.6,42710,5180,42700,42950,42700
2015.1.7,42970,3266,43190,43190,42810
2015.1.8,42890,4833,43000,43000,42770
2015.1.9,42800,9482,42860,43000,42700
2015.1.12,42900,1495,42850,43000,42840
2015.1.13,43080,2017,43300,43300,43010
2015.1.14,42930,4366,43080,43080,42750
2015.1.15,42920,1376,43000,43000,42840
2015.1.16,43560,11870,43010,43600,43010
2015.1.19,44200,14187,44050,44250,44050
2015.1.20,44410,11748,44250,44410,44230
2015.1.21,45300,10929,45170,45300,45110
2015.1.22,45200,9301,45260,45260,44870
2015.1.23,45250,24613,45200,45400,45200
2015.1.26,45000,7655,45000,45240,44990
2015.1.27,44350,17133,44850,44850,44200
2015.1.28,45060,5690,44700,45170,44640
2015.1.29,45050,6932,45050,45050,44840
2015.1.30,44700,7793,44690,44720,44500
2015.2.2,45350,3153,45450,45450,44690
2015.2.3,45270,3297,45000,45280,44900
2015.2.4,44370,17289,44500,44990,44350
2015.2.5,44930,2888,45120,45120,44810
2015.2.6,44760,4373,44600,44800,44500
2015.2.9,44350,8071,44500,44550,43950
2015.2.10,44240,6173,44370,44500,44100
2015.2.11,43980,11901,44150,44550,43960
2015.2.12,44000,3500,43600,44000,43600
2015.2.13,43700,5149,44000,44100,43600
2015.2.16,44390,5909,44490,44600,43800
2015.2.17,44410,6494,44850,44850,44380
2015.2.23,43700,10735,44450,44970,43600
2015.2.24,44000,14467,43750,44300,43640
2015.2.25,43410,10708,43990,44100,43400
2015.2.26,43100,25884,43700,43700,42900
2015.2.27,43200,6902,43500,43500,43050
2015.3.2,43700,4135,43700,43770,43560
2015.3.3,43200,6563,43490,43510,42870
2015.3.4,43260,6765,43370,43450,43180
2015.3.5,43350,2912,43300,43400,43250
2015.3.6,43050,5754,43300,43300,42850
2015.3.9,42590,9365,42880,42990,42300
2015.3.10,42600,5097,43190,43190,42550
2015.3.11,42750,4986,42750,43090,42600
2015.3.12,42650,8556,42690,43000,42500
2015.3.13,42900,1480,42660,42900,42650
2015.3.16,43100,5813,43400,43400,42900
2015.3.17,42700,11754,43100,43100,42600
2015.3.18,42350,17116,42900,42900,42350
2015.3.19,42780,1886,42950,42950,42700
2015.3.20,42970,7875,43230,43230,42870
2015.3.23,43000,9867,43480,43480,42970
2015.3.24,42800,7748,43310,43310,42700
2015.3.25,42650,7137,42900,42900,42500
2015.3.26,42900,1964,42970,43000,42650
2015.3.27,43000,7620,43290,43290,42950
2015.3.30,42820,5987,42900,43000,42780
2015.3.31,42510,15163,42800,42800,42480
2015.4.1,42420,9867,42450,42470,42360
2015.4.2,42740,12541,42850,42850,42700
2015.4.3,42750,5235,42720,42750,42650
2015.4.6,42750,9688,43050,43050,42700
2015.4.7,42780,9534,42850,42900,42740
2015.4.8,42800,10382,42800,42970,42750
2015.4.9,42540,12254,42690,42740,42420
2015.4.10,42500,7449,42800,42800,42450
2015.4.13,42780,5095,42700,42840,42610
2015.4.14,42580,9748,42800,42800,42500
2015.4.15,42490,12444,42400,42500,42250
2015.4.16,42500,3647,42900,42900,42400
2015.4.17,42250,16893,42350,42350,42060
2015.4.20,42280,5363,42200,42300,42180
2015.4.21,42090,20167,42050,42090,41850
2015.4.22,42120,12139,42400,42400,42000
2015.4.23,41800,11772,41800,41900,41650
2015.4.24,41800,22268,41800,42000,41700
2015.4.27,41450,14998,41600,41640,41200
2015.4.28,41980,2846,41770,42140,41770
2015.4.29,42100,2284,42240,42240,42050
2015.4.30,42000,4426,42300,42300,41850
2015.5.4,41700,13256,41910,41910,41500
2015.5.6,41890,3717,42000,42250,41890
2015.5.7,41980,5275,41880,42100,41850
2015.5.8,41900,8887,41960,42000,41800
2015.5.11,42090,7072,41850,42100,41700
2015.5.12,41980,5596,42190,42190,41940
2015.5.13,42300,3193,41980,42340,41980
2015.5.14,42710,9780,42790,42840,42600
2015.5.15,42770,8257,42800,42910,42770
2015.5.18,42870,3698,42770,42900,42750
2015.5.19,42950,5008,43000,43000,42850
2015.5.20,42810,5566,42880,42880,42650
2015.5.21,42850,2911,42810,42860,42800
2015.5.22,42720,10281,42900,42900,42490
2015.5.26,42750,1790,42790,42790,42660
2015.5.27,42520,7278,42650,42650,42480
2015.5.28,42690,5522,42520,42800,42520
2015.5.29,42690,7278,42650,42690,42550
2015.6.1,42840,3434,42810,42850,42800
2015.6.2,42840,5954,42870,42890,42750
2015.6.3,42780,10782,42900,42900,42600
2015.6.4,42680,3381,42690,42690,42500
2015.6.5,42430,10521,42900,42900,42290
2015.6.8,42700,4445,42600,42790,42500
2015.6.9,42640,2234,42680,42780,42400
2015.6.10,42640,7002,42800,42800,42400
2015.6.11,42500,10610,42770,42770,42440
2015.6.12,42750,7539,42500,42760,42450
2015.6.15,42540,4871,42660,42730,42500
2015.6.16,42750,6715,42790,42800,42730
2015.6.17,42700,5188,42750,42750,42600
2015.6.18,42510,16452,42720,42790,42450
2015.6.19,42840,2999,42650,42850,42650
2015.6.22,42700,8560,42830,42840,42650
2015.6.23,42530,5514,42670,42670,42410
2015.6.24,42750,2948,42390,42750,42390
2015.6.25,42650,7785,42750,42800,42650
2015.6.26,42560,2829,42530,42700,42530
2015.6.29,43050,4754,43010,43100,42860
2015.6.30,42910,5510,43050,43050,42550
2015.7.1,42850,7139,42900,42900,42500
2015.7.2,42840,6296,42800,42840,42500
2015.7.3,42610,8808,42440,42630,42400
2015.7.6,42880,10474,42980,43000,42710
2015.7.7,42890,3038,42950,42950,42720
2015.7.8,42600,8849,42740,42740,42590
2015.7.9,42700,8152,42650,42840,42630
2015.7.10,42700,12363,42600,42700,42500
2015.7.13,42700,7673,42700,42800,42650
2015.7.14,42800,4785,42780,42850,42690
2015.7.15,42790,2350,42800,42810,42760
2015.7.16,42700,4392,42790,42790,42700
2015.7.17,42680,10756,42650,42680,42470
2015.7.20,42040,27756,42450,42450,41100
2015.7.21,42000,18129,42000,42090,41940
2015.7.22,41550,19580,41840,41840,41500
2015.7.23,41880,4863,41550,41890,41550
2015.7.24,41570,16240,41750,41790,41410
2015.7.27,41800,4524,42260,42260,41700
2015.7.28,41630,11731,41940,41950,41620
2015.7.29,41550,13285,41630,41700,41500
2015.7.30,41590,4818,41600,41700,41550
2015.7.31,41450,13627,41580,41580,41350
2015.8.3,41550,3034,41500,42000,41490
2015.8.4,41300,10544,41500,41540,41180
2015.8.5,41380,1761,41240,41500,41240
2015.8.6,41440,3699,41410,41480,41300
2015.8.7,41450,14765,41440,41450,41250
2015.8.10,41550,11636,41450,41570,41410
2015.8.11,41700,7558,41680,41730,41510
2015.8.12,42330,18930,42290,42400,42000
2015.8.13,42450,8626,42500,42500,42410
2015.8.17,42560,11881,42460,42590,42430
2015.8.18,42600,10000,42590,42700,42560
2015.8.19,42630,7874,42750,42750,42600
2015.8.20,43130,16480,42750,43200,42750
2015.8.21,44100,30616,43330,44300,43330
2015.8.24,44470,23980,44300,44600,44050
2015.8.25,44150,18023,44300,44300,43720
2015.8.26,42890,9569,43690,43800,42710
2015.8.27,42790,15912,42890,43050,42700
2015.8.28,42800,15091,42790,42900,42490
2015.8.31,43150,5999,42900,43170,42900
2015.9.1,43000,7510,43990,43990,43000
2015.9.2,43300,5505,43600,43600,43010
2015.9.3,43200,2726,43100,43500,43040
2015.9.4,43430,5694,43500,43550,43050
2015.9.7,43470,4230,43500,43500,43280
2015.9.8,43440,3744,43500,43500,43300
2015.9.9,43150,10857,43500,43500,42700
2015.9.10,42750,9752,43000,43000,42750
2015.9.11,43300,9980,42750,43400,42700
2015.9.14,42750,9459,43300,43300,42500
2015.9.15,42880,12722,42750,43000,42400
2015.9.16,42500,17434,42800,42900,42400
2015.9.17,42600,7213,42900,42900,42500
2015.9.18,42790,5139,42900,43000,42630
2015.9.21,43100,4922,43280,43290,43090
2015.9.22,43230,4602,43480,43480,43100
2015.9.23,43230,4648,43230,43240,42800
2015.9.24,43300,3736,43580,43590,43200
2015.9.25,43700,10155,43700,43790,43600
2015.9.30,43280,8603,43750,43750,43000
2015.10.1,42540,22863,43050,43050,42410
2015.10.2,42750,6182,42700,42800,42470
2015.10.5,43060,2951,43250,43400,43010
2015.10.6,43050,5845,43000,43300,42850
2015.10.7,43150,2361,43090,43300,43090
2015.10.8,42900,4434,43150,43150,42900
2015.10.12,43050,3169,42900,43220,42900
2015.10.13,43000,2807,43180,43180,42910
2015.10.14,43100,4066,43250,43300,43100
2015.10.15,43300,5822,43400,43400,43210
2015.10.16,43200,6724,43400,43400,43110
2015.10.19,43120,12386,43200,43440,42570
2015.10.20,42970,6017,43140,43140,42730
2015.10.21,43100,3892,43210,43210,42800
2015.10.22,42980,2593,42900,43040,42850
2015.10.23,42700,10542,43000,43000,42640
2015.10.26,42850,2616,43000,43000,42700
2015.10.27,42780,7283,42850,42850,42650
2015.10.28,42940,2694,42970,42980,42750
2015.10.29,42950,1438,43070,43070,42870
2015.10.30,42680,16809,42940,42940,42270
2015.11.2,42300,18537,42710,42710,42130
2015.11.3,42100,16815,42320,42320,41750
2015.11.4,41880,25522,42000,42450,41200
2015.11.5,41800,16807,41880,41880,41300
2015.11.6,41800,11391,41800,41910,41470
2015.11.9,41700,16518,41700,41790,41350
2015.11.10,41250,24222,41700,41890,41100
2015.11.11,41070,23391,41250,41490,41050
2015.11.12,41420,16119,41150,41600,40900
2015.11.13,41400,7503,41400,41490,41000
2015.11.16,41750,4485,41550,41750,41550
2015.11.17,41350,13411,41600,41600,41180
2015.11.18,41150,22408,41000,41400,40800
2015.11.19,41000,19110,41490,41490,40950
2015.11.20,40990,16081,41020,41200,40900
2015.11.23,40720,25046,40900,41000,40710
2015.11.24,40420,32493,41400,41400,40300
2015.11.25,40350,24877,41200,41200,40100
2015.11.26,40120,17803,40100,40150,39900
2015.11.27,40080,24811,40200,40290,39900
2015.11.30,39990,14585,40000,40100,39800
2015.12.1,40460,4525,40300,40500,40290
2015.12.2,40350,6229,40440,40440,40170
2015.12.3,39900,14671,40750,40750,39750
2015.12.4,39920,8572,40580,40580,39800
2015.12.7,40600,5300,40590,40720,40180
2015.12.8,40690,1331,40600,40690,40500
2015.12.9,40990,3405,40700,41000,40700
2015.12.10,41200,3414,41100,41200,40710
2015.12.11,40900,10193,41200,41290,40750
2015.12.14,41050,1823,41000,41280,40850
2015.12.15,40800,5697,41050,41050,40700
2015.12.16,40700,4663,40750,40750,40500
2015.12.17,40860,3910,40980,40980,40700
2015.12.18,40590,9597,40500,41000,40390
2015.12.21,40900,2320,40700,40990,40500
2015.12.22,41090,3388,40900,41090,40700
2015.12.23,40800,4267,41010,41010,40650
2015.12.24,40770,6320,40800,41050,40610
2015.12.28,40610,5163,40870,41070,40550
2015.12.29,40640,2703,40600,40750,40400
2015.12.30,40670,6494,40650,40800,40500
2016.1.4,41080,1341,40700,41080,40700
2016.1.5,41200,3633,41080,41290,41070
2016.1.6,41350,7550,41200,41420,41100
2016.1.7,41640,12680,41500,41750,41400
2016.1.8,41900,13697,41800,41990,41800
2016.1.11,42200,17822,42000,42350,42000
2016.1.12,42410,9870,42200,42410,42180
2016.1.13,42000,7521,42350,42350,41340
2016.1.14,42430,8676,42390,42450,41900
2016.1.15,42300,3271,42200,42320,42000
2016.1.18,42540,13939,42490,42590,42400
2016.1.19,42310,5265,42690,42690,42310
2016.1.20,42450,4420,42300,42510,42300
2016.1.21,42530,3405,42690,42690,42450
2016.1.22,42600,15857,42500,42660,42410
2016.1.25,42600,6657,42500,42690,42440
2016.1.26,42710,11050,42600,42710,42600
2016.1.27,42900,10891,42730,42970,42730
2016.1.28,43100,9146,42950,43250,42950
2016.1.29,43170,8290,43240,43250,42900
2016.2.1,43020,9404,43170,43330,43000
2016.2.2,43310,5432,43060,43340,43050
2016.2.3,43600,19885,43430,43640,43350
2016.2.4,43800,12752,43720,43900,43660
2016.2.5,44140,22858,43950,44170,43940
2016.2.11,46030,46488,44930,46030,44930
2016.2.12,48000,56672,47250,48030,47250
2016.2.15,46990,33658,47990,47990,46520
2016.2.16,46070,28160,46900,46900,45900
2016.2.17,46730,16392,46990,46990,46100
2016.2.18,47020,30436,46500,47150,46500
2016.2.19,47950,29516,47500,48020,47500
2016.2.22,47880,23438,48000,48050,47690
2016.2.23,48000,26699,47880,48050,46630
2016.2.24,48140,27075,48000,48250,48000
2016.2.25,48810,23528,48500,48880,48500
2016.2.26,49040,12936,48980,49040,48700
2016.2.29,48700,13388,49000,49050,48610
2016.3.2,48400,18003,48700,48990,48400
2016.3.3,48630,9623,48400,48800,48400
2016.3.4,48660,27398,48720,48900,48580
2016.3.7,48650,14245,48690,48990,48540
2016.3.8,48870,15834,48650,48900,48650
2016.3.9,49050,14144,48990,49080,48870
2016.3.10,48740,12736,49010,49010,48490
2016.3.11,49100,18497,49050,49330,49000
2016.3.14,48000,17440,48950,48950,47930
2016.3.15,47100,27082,47610,47610,47100
2016.3.16,47450,7087,47100,47450,47100
2016.3.17,47700,8782,48000,48010,47600
2016.3.18,47550,7666,47600,47600,47150
2016.3.21,47100,8318,47150,47500,47000
2016.3.22,46460,14912,46530,46960,46460
2016.3.23,46000,20827,46490,46860,45550
2016.3.24,45700,15970,45410,45990,45410
2016.3.25,46490,6513,45800,47920,45800
2016.3.28,45840,13085,46470,46470,45750
2016.3.29,45800,10531,46800,46800,45750
2016.3.30,46070,6830,46200,46280,45900
2016.3.31,45340,15343,45690,45690,45260
2016.4.1,45900,8465,45880,45900,45540
2016.4.4,45500,14028,45600,45600,44900
2016.4.5,45700,1947,45500,45700,45200
2016.4.6,45800,5069,45790,46100,45790
2016.4.7,45950,4800,45400,46000,45400
2016.4.8,46190,3134,46490,46490,46150
2016.4.11,46360,7366,46400,46500,46360
2016.4.12,46530,8795,46750,46890,46420
2016.4.14,46000,13065,46000,46300,46000
2016.4.15,45850,10665,46000,46000,45630
2016.4.18,46050,6009,46450,46450,45550
2016.4.19,45450,13775,45940,45940,45450
2016.4.20,45880,8175,46190,46190,45730
2016.4.21,45930,5391,46000,46000,45810
2016.4.22,46000,4722,45940,46390,45800
2016.4.25,46000,1698,46000,46000,45650
2016.4.26,45990,6886,46280,46300,45990
2016.4.27,46190,2686,45990,46200,45960
2016.4.28,46180,8809,46740,46740,45950
2016.4.29,46620,8745,46680,46680,46300
2016.5.2,47260,11542,46810,47380,46810
2016.5.3,47030,6859,47210,47300,47030
2016.5.4,47200,5386,47030,47460,47010
2016.5.9,47850,15815,47530,48000,47310
2016.5.10,47400,11493,47480,47600,47120
2016.5.11,47440,13710,47400,47600,47020
2016.5.12,47530,7252,47950,47950,47530
2016.5.13,47690,4331,47850,47850,47100
2016.5.16,48200,14774,48100,48260,47750
2016.5.17,48090,6215,47910,48150,47910
2016.5.18,48230,16989,48090,48350,48090
2016.5.19,48000,10290,48230,48250,47500
2016.5.20,47950,5761,47740,47960,47730
2016.5.23,47890,9355,47900,47900,47500
2016.5.24,47750,3988,47890,47890,47620
2016.5.25,47000,16189,47500,47500,46850
2016.5.26,47030,11438,47360,47360,46770
2016.5.27,46630,16086,47080,47080,46300
2016.5.30,46420,6389,46630,46630,46200
2016.5.31,46620,5885,46550,46650,46270
2016.6.1,46810,3102,46620,46990,46620
2016.6.2,46630,3583,46130,47040,46130
2016.6.3,46350,10676,46640,46640,46150
2016.6.7,46880,17604,46770,47020,46750
2016.6.8,46900,6630,46490,47000,46490
2016.6.9,47190,14692,47100,47250,46840
2016.6.10,49480,128275,47220,49650,47220
2016.6.13,48500,42746,48950,49010,48290
2016.6.14,48680,14322,48980,48980,48500
2016.6.15,48900,11204,48680,49000,48680
2016.6.16,49120,16451,49000,49140,48950
2016.6.17,48010,102494,45900,48290,45000
2016.6.20,47540,21755,48020,48210,47400
2016.6.21,47870,8947,47550,47980,47130
2016.6.22,47000,19372,47140,47450,47000
2016.6.23,47050,17837,47110,47220,46850
2016.6.24,49420,62929,47100,49550,46580
2016.6.27,50200,56136,49960,50520,49960
2016.6.28,49380,30502,50300,50500,49350
2016.6.29,49100,35254,48700,49300,48640
2016.6.30,48680,15058,48550,48920,48550
2016.7.1,48940,12008,48710,48980,48710
2016.7.4,49550,26500,49050,49800,49050
2016.7.5,49750,22641,49600,49900,49600
2016.7.6,50910,62235,50610,50950,50350
2016.7.7,50570,20266,50890,50890,50550
2016.7.8,50500,14535,50490,50560,50160
2016.7.11,50290,15879,50500,50700,50250
2016.7.12,49910,10848,50100,50290,49850
2016.7.13,49210,33870,49250,49300,48900
2016.7.14,48950,33433,49930,49930,48950
2016.7.15,48620,37818,48950,48950,48350
2016.7.18,48600,25366,48630,48800,48400
2016.7.19,48700,17028,49040,49040,48580
2016.7.20,48870,13798,49050,49070,48870
2016.7.21,48400,14402,48500,48900,48300
2016.7.22,48580,12718,48850,48860,48570
2016.7.25,48390,11010,48580,48650,48370
2016.7.26,48450,9443,48460,48800,48400
2016.7.27,48320,14115,48510,48640,48200
2016.7.28,48640,12290,48500,48750,48500
2016.7.29,48530,15071,48640,48760,48460
2016.8.1,48650,7869,48800,48950,48610
2016.8.2,48550,19598,48920,48930,48400
2016.8.3,49170,34364,49000,49170,48810
2016.8.4,48750,7379,49100,49100,48630
2016.8.5,48830,6619,48900,49000,48700
2016.8.8,47990,36729,48580,48580,47980
2016.8.9,47740,16540,47900,48060,47740
2016.8.10,47910,13013,47810,48080,47800
2016.8.11,47850,13928,48100,48100,47770
2016.8.12,47800,8340,47850,47890,47520
2016.8.16,47740,8906,47600,47800,47590
2016.8.17,48080,2803,47750,48080,47700
2016.8.18,48300,5401,48350,48500,48300
2016.8.19,48500,14439,48500,48740,48130
2016.8.22,48440,13270,47910,48480,47910
2016.8.23,48200,7208,48400,48500,48150
2016.8.24,48300,3356,48200,48490,48000
2016.8.25,47820,10772,48090,48090,47820
2016.8.26,47660,14813,47800,47800,47570
2016.8.29,47920,12254,47680,48190,47680
2016.8.30,47740,3862,47920,47950,47730
2016.8.31,47300,15761,47620,47620,47240
2016.9.1,47310,5037,47300,47490,47200
2016.9.2,47300,8651,47360,47500,47300
2016.9.5,47350,12228,47500,47550,47320
2016.9.6,47350,8085,47400,47550,47210
2016.9.7,47660,7509,47570,47760,47570
2016.9.8,47600,9152,47440,47630,47350
2016.9.9,47500,13062,47370,47730,47370
2016.9.12,47700,13106,48640,48640,47590
2016.9.13,48010,17520,47600,48020,47530
2016.9.19,47600,28113,47600,47770,47500
2016.9.20,47600,24422,47450,47800,47400
2016.9.21,47850,29568,47480,48500,47310
2016.9.22,47500,12235,47700,47700,47420
2016.9.23,47600,9097,47700,47750,47500
2016.9.26,47770,11583,47700,47830,47670
2016.9.27,47370,14880,47780,48130,47300
2016.9.28,46990,27231,47290,47290,46880
2016.9.29,46910,11051,46900,47070,46770
2016.9.30,47050,23743,47100,47300,46970
2016.10.4,46900,11249,47050,47050,46650
2016.10.5,45870,25911,46000,46020,45610
2016.10.6,45550,23246,45850,45850,45480
2016.10.7,45300,20586,45440,45450,45250
2016.10.10,45360,14988,45800,45800,45320
2016.10.11,45590,8799,45360,45620,45150
2016.10.12,45670,4253,45590,45670,45510
2016.10.13,46200,4687,45700,46200,45670
2016.10.14,45990,8805,46200,46200,45800
2016.10.17,46250,6461,45990,46300,45990
2016.10.18,45900,7838,46250,46250,45890
2016.10.19,45730,7485,46000,46000,45730
2016.10.20,46160,22068,45870,46300,45870
2016.10.21,46280,10377,46160,46300,46130
2016.10.24,46260,9148,46300,46450,46260
2016.10.25,46320,3994,46400,46430,46300
2016.10.26,46650,7453,46500,46690,46490
2016.10.27,46700,2784,46520,46700,46500
2016.10.28,46910,15993,46700,47070,46700
2016.10.31,47040,7961,47200,47320,47040
2016.11.1,47150,5982,47280,47330,47000
2016.11.2,47750,17314,47300,47900,47300
2016.11.3,47830,20026,48100,48100,47800
2016.11.4,47800,11372,47830,48100,47800
2016.11.7,47400,12759,47780,47780,47400
2016.11.8,46990,10656,47100,47300,46930
2016.11.9,48930,118325,46800,49500,46400
2016.11.10,47500,47756,47750,47750,47300
2016.11.11,47350,18075,47160,47600,47110
2016.11.14,46250,57599,46490,46530,45940
2016.11.15,46550,37850,46000,46580,46000
2016.11.16,46620,17792,46550,46620,46480
2016.11.17,46700,3632,46600,46740,46400
2016.11.18,46300,23965,46700,46700,46150
2016.11.21,46490,14513,46300,46500,46080
2016.11.22,46360,11462,46880,46880,46300
2016.11.23,46200,12545,46270,46330,46000
2016.11.24,45510,66203,45700,45710,45360
2016.11.25,45150,30998,45590,45590,45080
2016.11.28,45330,10856,45900,45900,45200
2016.11.29,45280,16257,45450,45450,45150
2016.11.30,45100,13847,45250,45320,45050
2016.12.1,44730,32427,45100,45100,44640
2016.12.2,44730,21710,44650,44800,44600
2016.12.5,44770,36355,45000,45300,44770
2016.12.6,45080,23968,44770,45110,44390
2016.12.7,44750,17687,44900,45290,44650
2016.12.8,44780,76532,45000,45100,44600
2016.12.9,44500,25358,44780,45080,44490
2016.12.12,44000,31291,44500,44840,43900
2016.12.13,43890,37990,44300,44600,43800
2016.12.14,43950,41351,43900,44090,43620
2016.12.15,43720,38904,43950,43950,43300
2016.12.16,43470,29745,43800,43800,43400
2016.12.19,43790,17889,43510,44190,43510
2016.12.20,43930,24573,43820,44000,43780
2016.12.21,43990,35275,43930,43990,43720
2016.12.22,43950,16366,43920,44100,43800
2016.12.23,44120,6397,44220,44220,43970
2016.12.26,44500,62444,44210,44750,44210
2016.12.27,44560,46256,44600,44600,44260
2016.12.28,44810,15891,44640,44890,44640
2016.12.29,45200,30891,45020,45350,45020
2017.1.2,45500,24270,45500,45680,45430
2017.1.3,45560,18257,45550,45600,45480
2017.1.4,45730,34963,45900,45910,45650
2017.1.5,45400,37121,45900,45900,45300
2017.1.6,45440,36141,45600,45600,45340
2017.1.9,45710,28607,45820,45850,45560
2017.1.10,45800,36746,45800,45920,45700
2017.1.11,45850,24046,45990,45990,45790
2017.1.12,45800,20480,45950,45950,45600
2017.1.13,45440,50682,45750,45770,45400
2017.1.16,45900,5935,45450,45900,45440
2017.1.17,45900,20532,45900,46120,45890
2017.1.18,45690,27646,45900,46000,45650
2017.1.19,45690,19167,45790,45900,45550
2017.1.20,45620,18018,45790,45790,45590
2017.1.23,45720,24567,45920,45920,45670
2017.1.24,45640,15302,45730,45730,45570
2017.1.25,45290,23913,45650,45650,45250
2017.1.26,44800,28126,45280,45280,44720
2017.1.31,45080,14812,45310,45310,45050
2017.2.1,45170,7483,45500,45500,45070
2017.2.2,45080,14634,45200,45200,45000
2017.2.3,45000,18398,45110,45140,44910
2017.2.6,44970,31452,45020,45120,44950
2017.2.7,45500,26786,45040,45550,45040
2017.2.8,45580,7701,45460,45610,45460
2017.2.9,45820,11970,45560,45830,45560
2017.2.10,45590,12148,45800,45800,45500
2017.2.13,45790,25100,45600,45820,45600
2017.2.14,45540,22938,45600,45630,45320
2017.2.15,45240,15901,45350,45450,45190
2017.2.16,45400,11241,45290,45400,45210
2017.2.17,45700,9852,45450,45740,45450
2017.2.20,45600,13044,45700,45800,45600
2017.2.21,45600,3696,45600,45660,45580
2017.2.22,45500,13512,45590,45590,45400
2017.2.23,45400,14979,45500,45500,45370
2017.2.24,45550,21149,45800,45800,45480
2017.2.27,45760,25921,45690,45850,45690
2017.2.28,45670,13559,45630,45750,45610
2017.3.2,45800,18547,45650,45850,45650
2017.3.3,45680,11465,45600,45800,45540
2017.3.6,45850,31927,45850,45900,45680
2017.3.7,45480,33559,45800,45870,45400
2017.3.8,45050,37810,45400,45410,44970
2017.3.9,44970,21132,45050,45090,44970
2017.3.10,44780,29388,45000,45000,44740
2017.3.13,44680,31382,44850,44850,44670
2017.3.14,44700,28823,44750,44750,44620
2017.3.15,44560,42916,44700,44780,44500
2017.3.16,44840,13301,44800,44960,44650
2017.3.17,44900,12574,44900,44900,44800
2017.3.20,44720,12965,44850,44910,44700
2017.3.21,44480,32051,44800,44800,44300
2017.3.22,45090,12634,44950,45190,44900
2017.3.23,45030,8369,45140,45140,44970
2017.3.24,45100,3505,45090,45100,45040
2017.3.27,45230,5807,45100,45230,45100
2017.3.28,45000,10090,45200,45200,44980
2017.3.29,44980,43034,45140,45140,44890
2017.3.30,45100,11968,45140,45140,44850
2017.3.31,44960,14840,45000,45000,44880
2017.4.3,44940,48353,45100,45100,44860
2017.4.4,45280,35774,45140,45350,45140
2017.4.5,45550,26530,45350,45550,45350
2017.4.6,45720,32361,45560,45770,45560
2017.4.7,46100,32271,45690,46300,45600
2017.4.10,46170,15539,45990,46180,45940
2017.4.11,46280,27276,46170,46300,46120
2017.4.12,46840,40586,46500,47000,46500
2017.4.13,46500,26493,46900,46900,46480
2017.4.14,46840,34539,46500,46960,46500
2017.4.17,46870,35578,47030,47050,46870
2017.4.18,46840,24774,46800,46920,46360
2017.4.19,46990,39127,47000,47110,46950
2017.4.20,46890,21839,46900,47010,46860
2017.4.21,46760,17710,46890,46900,46660
2017.4.24,46310,18072,46760,46760,46290
2017.4.25,46100,14613,46350,46550,46100
2017.4.26,45750,10474,46020,46090,45660
2017.4.27,46000,4011,45880,46100,45850
2017.4.28,46170,8170,46040,46190,45900
2017.5.2,45820,15948,46130,46130,45750
2017.5.4,45180,29354,45580,45580,45180
2017.5.8,44910,23591,45180,45200,44900
2017.5.10,44800,36090,44940,45000,44700
2017.5.11,44600,51700,44870,44870,44460
2017.5.12,44680,26262,44700,44720,44500
2017.5.15,44740,19491,44750,44750,44650
2017.5.16,44550,47462,44740,44740,44370
2017.5.17,44920,10300,44980,44980,44800
2017.5.18,45510,34507,44960,45650,44960
2017.5.19,45250,11470,45520,45520,45230
2017.5.22,45200,4797,45300,45300,44980
2017.5.23,45500,19618,45310,45520,45200
2017.5.24,45200,7913,45200,45440,45200
2017.5.25,45250,3809,45300,45300,45170
2017.5.26,45220,4434,45400,45400,45100
2017.5.29,45570,9728,45220,45570,45220
2017.5.30,45720,14555,45600,45800,45600
2017.5.31,45450,5870,45730,45730,45430
2017.6.1,45610,6522,45460,45790,45460
2017.6.2,45550,8139,45620,45620,45430
2017.6.5,45850,31129,45980,45990,45810
2017.6.7,46530,71064,46030,46530,45850
2017.6.8,46320,12879,46510,46510,46090
2017.6.9,45950,13464,46300,46300,45860
2017.6.12,45860,11355,45960,45960,45770
2017.6.13,45890,15520,45870,45980,45860
2017.6.14,45890,24335,45910,45970,45850
2017.6.15,45640,15441,45700,45790,45500
2017.6.16,45850,11310,45570,45850,45510
2017.6.19,45620,12926,45850,45850,45420
2017.6.20,45510,11639,45600,45600,45460
2017.6.21,45790,7184,45570,45830,45570
2017.6.22,45930,16889,46170,46170,45840
2017.6.23,45900,6374,45940,45940,45800
2017.6.26,45750,10825,45900,45940,45700
2017.6.27,45660,17488,45580,45680,45360
2017.6.28,45930,10174,45680,45940,45670
2017.6.29,45860,3957,45930,45930,45700
2017.6.30,45710,7688,45840,45880,45710
2017.7.3,45620,35652,45710,45710,45580
2017.7.4,45440,23777,45500,45530,45250
2017.7.5,45500,8200,45720,45720,45410
2017.7.6,45650,7723,45840,45840,45510
2017.7.7,45450,19288,45600,45630,45430
2017.7.10,44770,36109,45200,45200,44770
2017.7.11,45000,9785,45000,45040,44900
2017.7.12,45050,11268,45010,45090,45000
2017.7.13,44840,28015,44990,44990,44790
2017.7.14,44570,57049,44840,44840,44570
2017.7.17,44800,10088,45000,45000,44740
2017.7.18,44960,7745,44940,45030,44890
2017.7.19,44910,5931,45060,45060,44880
2017.7.20,45020,2947,44940,45050,44940
2017.7.21,45080,6955,45030,45110,45020
2017.7.24,45100,5816,45060,45380,45060
2017.7.25,45180,4395,45170,45180,45110
2017.7.26,45140,3841,45180,45180,45020
2017.7.27,45290,5138,45250,45320,45180
2017.7.28,45390,45615,45450,45450,45200
2017.7.31,45580,24867,45740,45800,45510
2017.8.1,45650,18013,45610,45710,45520
2017.8.2,45680,6588,45650,45720,45460
2017.8.3,45770,10880,45680,45810,45680
2017.8.4,45840,26574,45820,45900,45790
2017.8.7,45670,30833,45600,45700,45500
2017.8.8,45660,3521,45730,45730,45600
2017.8.9,46150,47161,45660,46150,45660
2017.8.10,46780,114216,46190,46800,46190
2017.8.11,47210,85118,46960,47300,46960
2017.8.14,47040,67185,47340,47340,46820
2017.8.16,46610,43316,46720,46720,46340
2017.8.17,46900,45699,46620,47000,46620
2017.8.18,47120,39133,47100,47200,47050
2017.8.21,47050,17047,47120,47120,46820
2017.8.22,47000,13538,47060,47140,46990
2017.8.23,46800,20734,47000,47000,46640
2017.8.24,46750,19113,46990,46990,46740
2017.8.25,46760,10145,46780,46780,46590
2017.8.28,46740,3825,46640,46770,46640
2017.8.29,47420,69655,47300,47620,47300
2017.8.30,47250,12486,47320,47350,47140
2017.8.31,47210,29018,47230,47250,47070
2017.9.1,47570,23424,47400,47670,47400
2017.9.4,48400,78578,47900,48430,47900
2017.9.5,48460,29129,48010,48550,48010
2017.9.6,48650,29048,48680,48770,48630
2017.9.7,48350,28133,48540,48540,48290
2017.9.8,48880,40673,48690,48950,48690
2017.9.11,48580,20199,48480,48610,48370
2017.9.12,48080,36274,48420,48420,48050
2017.9.13,48270,36498,48210,48310,48120
2017.9.14,48110,24122,48260,48260,48010
2017.9.15,48370,23878,48510,48680,48360
2017.9.18,47850,30238,48060,48060,47730
2017.9.19,47700,17823,47690,47700,47510
2017.9.20,47700,30929,47700,47770,47590
2017.9.21,47400,27457,47580,47580,47300
2017.9.22,47410,11257,47400,47750,47160
2017.9.25,47010,31264,47410,47500,47010
2017.9.26,47890,12415,47800,47910,47670
2017.9.27,47460,18877,47600,47600,47360
2017.9.28,47360,12873,47460,47510,47200
2017.9.29,47400,31491,47450,47540,47400
2017.10.10,47100,23513,47410,47410,47060
2017.10.11,47070,16910,47300,47300,47050
2017.10.12,47210,9287,47070,47230,47050
2017.10.13,47150,11784,47250,47250,47060
2017.10.16,47210,11772,47200,47320,47160
2017.10.17,47070,21597,47210,47210,47030
2017.10.18,46770,19284,47000,47000,46750
2017.10.19,46620,11459,46710,46760,46580
2017.10.20,46780,7591,46690,46890,46690
2017.10.23,46490,11166,46580,46610,46450
2017.10.24,46500,9731,46650,46660,46500
2017.10.25,46290,13942,46300,46500,46250
2017.10.26,46430,4784,46500,46500,46390
2017.10.27,46200,15951,46150,46300,46050
2017.10.30,46110,15222,46200,46280,46090
2017.10.31,46190,16944,46110,46240,46080
2017.11.1,45850,58129,46190,46190,45700
2017.11.2,45950,11721,45850,45980,45810
2017.11.3,45870,10720,45950,45950,45720
2017.11.6,45720,15278,45850,45850,45660
2017.11.7,45810,11485,46000,46000,45810
2017.11.8,45880,22146,45980,45980,45830
2017.11.9,46100,11145,45900,46130,45900
2017.11.10,46270,6304,46500,46500,46240
2017.11.13,46150,13509,45900,46160,45900
2017.11.14,46140,10782,46140,46180,46050
2017.11.15,46010,23685,46140,46150,46000
2017.11.16,45460,34702,45870,45870,45450
2017.11.17,45460,26343,45470,45570,45290
2017.11.20,45800,7218,45710,45850,45300
2017.11.21,45310,25395,45430,45430,45270
2017.11.22,45170,39702,45310,45390,45100
2017.11.23,45230,8396,45380,45380,45230
2017.11.24,45240,15151,45210,45250,45150
2017.11.27,45250,11725,45200,45300,45150
2017.11.28,45390,30107,45400,45570,45340
2017.11.29,45220,12176,45420,45500,45190
2017.11.30,45060,22050,45100,46120,44800
2017.12.1,44780,43313,45100,45100,44750
2017.12.4,44800,28311,44780,44860,44700
2017.12.5,44630,52595,44800,44800,44610
2017.12.6,44730,19915,44610,44730,44440
2017.12.7,44450,34797,44720,44720,44420
2017.12.8,44140,39050,44340,44340,44060
2017.12.11,44110,16671,44090,44120,44040
2017.12.12,44200,23391,44000,44400,43800
2017.12.13,43990,25198,44430,44430,43950
2017.12.14,44370,19144,44000,44600,44000
2017.12.15,44220,37713,44210,44340,44180
2017.12.18,44210,27828,44220,44300,44190
2017.12.19,44300,45376,44400,44400,44240
2017.12.20,44250,141232,44300,44340,44210
2017.12.21,44330,65395,44200,44410,44200
2017.12.22,44250,64788,44300,44330,44240
2017.12.26,44470,17052,44320,44540,44300
2017.12.27,44500,15879,44510,44670,44470
2017.12.28,44840,8783,44650,44850,44650
2018.1.2,45020,20601,44920,45030,44920
2018.1.3,45200,19399,45200,45430,45150
2018.1.4,45030,10526,45260,45260,44980
2018.1.5,45240,9213,45250,45300,45230
2018.1.8,45370,12697,45240,45410,45240
2018.1.9,45380,10149,45370,45490,45330
2018.1.10,45210,7866,45370,45370,45200
2018.1.11,45510,12704,45310,45510,45310
2018.1.12,45600,21577,45540,45600,45460
2018.1.15,46000,23367,45600,46020,45600
2018.1.16,45980,66848,46100,46100,45980
2018.1.17,45990,13808,45980,46060,45950
2018.1.18,45840,62987,45980,45980,45720
2018.1.19,45740,66069,45840,45850,45700
2018.1.22,45930,16984,45750,45970,45750
2018.1.23,46050,23362,45990,46100,45880
2018.1.24,46200,25621,46220,46340,46160
2018.1.25,46540,42842,46330,46560,46330
2018.1.26,46420,15169,46490,46490,45910
2018.1.29,46340,12746,46260,46400,46260
2018.1.30,46200,13822,46210,46340,46170
2018.1.31,46340,12153,46300,46340,46240
2018.2.1,46410,15703,46400,46460,46300
2018.2.2,46800,37736,46500,46800,46500
2018.2.5,46580,17647,46800,46800,46200
2018.2.6,47000,66852,46930,47300,46930
2018.2.7,46540,23343,46450,46540,46140
2018.2.8,46060,33493,46470,46470,46000
2018.2.9,46400,14712,46500,46600,46310
2018.2.12,46200,19236,46320,46320,45960
2018.2.13,46270,9076,46210,46270,46070
2018.2.14,46420,12487,46390,46460,46350
2018.2.19,46350,15631,46420,46590,46340
2018.2.20,46390,12960,46850,46850,46270
2018.2.21,46170,22156,46290,46300,46020
2018.2.22,46350,11644,46250,47000,46170
2018.2.23,46250,17689,46370,46380,46220
2018.2.26,46310,15841,46230,46340,46050
2018.2.27,46110,10885,46250,46250,46030
2018.2.28,46000,38666,46110,46300,45870
2018.3.2,46000,10098,46380,46380,45900
2018.3.5,46280,12141,46050,46390,46050
2018.3.6,46000,10531,46210,46210,45890
2018.3.7,45970,9835,46020,46230,45970
2018.3.8,45800,17593,45970,45970,45650
2018.3.9,45520,14248,45900,45900,45430
2018.3.12,45470,12914,45600,45600,45430
2018.3.13,45500,10470,45470,45630,45400
2018.3.14,45670,6558,45590,45710,45580
2018.3.15,45590,7306,45540,45650,45540
2018.3.16,45430,13943,45590,45590,45400
2018.3.19,45360,13167,45430,45450,45310
2018.3.20,45420,7583,45410,45620,45410
2018.3.21,45450,11828,45360,45500,45320
2018.3.22,45840,15232,45800,45910,45760
2018.3.23,46500,31522,46290,46580,46260
2018.3.26,46750,30181,47000,47000,46690
2018.3.27,46500,16875,46520,46750,46490
2018.3.28,46170,16523,46500,46510,46160
2018.3.29,45690,18820,45690,45830,45570
2018.3.30,45800,10143,46000,46000,45660
2018.4.2,45400,43507,45880,45880,45300
2018.4.3,45650,6889,45800,45800,45650
2018.4.4,45620,7832,46500,46500,45390
2018.4.5,45480,18184,45620,45620,45390
2018.4.6,45640,9474,45550,45720,45540
2018.4.9,45750,9865,45520,45850,45520
2018.4.10,45830,18722,45900,46100,45800
2018.4.11,46100,27429,46000,46100,45970
2018.4.12,46450,43149,46350,46520,46220
2018.4.13,46120,12149,46000,46400,45920
2018.4.16,46440,19629,46450,46500,46180
2018.4.17,46300,10383,46400,46500,46200
2018.4.18,46170,7510,46230,46260,46010
2018.4.19,46130,12836,46310,46320,46130
2018.4.20,46140,14342,46130,46220,46090
2018.4.23,45980,5080,46000,46000,45890
2018.4.24,45980,3867,45980,46030,45900
2018.4.25,46070,5910,46060,46190,46050
2018.4.26,46050,5532,46050,46150,45970
2018.4.27,45650,18032,45990,45990,45600
2018.4.30,45470,24238,45900,45900,45400
2018.5.2,45430,19239,45400,45500,45200
2018.5.3,45430,8410,45600,45600,45370
2018.5.4,45560,7936,45550,45580,45490
2018.5.8,45560,17895,45560,45740,45550
2018.5.9,45670,18847,45700,45920,45560
2018.5.10,45500,9095,45670,45790,45430
2018.5.11,45440,14938,45500,45630,45440
2018.5.14,45450,12728,45210,45650,45210
2018.5.15,45450,18921,45600,45600,45350
2018.5.16,45050,39057,45360,45360,45000
2018.5.17,45000,12820,45050,45050,44970
2018.5.18,44960,12859,45000,45090,44890
2018.5.21,45040,8956,44990,45250,44990
2018.5.23,45000,16613,45040,45080,44970
2018.5.24,45150,4526,45090,45220,45090
2018.5.25,45250,14234,45570,45570,45250
2018.5.28,44960,20720,45150,45150,44890
2018.5.29,45120,6965,45030,45190,45030
2018.5.30,45310,54879,45400,45440,45220
2018.5.31,45340,8236,45300,45340,45170
2018.6.1,45200,5246,45330,45330,45070
2018.6.4,44700,40974,45070,45070,44640
2018.6.5,44650,62937,44710,44710,44580
2018.6.7,44760,7669,44660,44760,44660
2018.6.8,44830,5706,44810,44920,44810
2018.6.11,44960,9097,44960,45040,44950
2018.6.12,45030,10650,45080,45110,44920
2018.6.14,45300,12795,45200,45300,45200
2018.6.15,45800,27426,45600,45810,45560
2018.6.18,45570,13765,45450,45660,45410
2018.6.19,45730,18339,45670,45840,45580
2018.6.20,45450,11531,45720,45720,45450
2018.6.21,45270,4342,45450,45450,45250
2018.6.22,45390,4574,45300,45520,45290
2018.6.25,45510,5748,45600,45710,45510
2018.6.26,45350,5859,45510,45750,45350
2018.6.27,45310,11021,45300,45360,45260
2018.6.28,45390,69019,45330,45390,45300
2018.6.29,45010,26750,45160,45180,44910
2018.7.2,45080,4262,45130,45130,45030
2018.7.3,44790,16041,44980,44980,44780
2018.7.4,45250,5561,45140,45310,45120
2018.7.5,45280,8869,45250,45370,45230
2018.7.6,45000,8219,45380,45430,45000
2018.7.9,45200,8597,45270,45270,45020
2018.7.10,45270,8276,45390,45390,45100
2018.7.11,45240,3992,45340,45340,45150
2018.7.12,45210,6821,45200,45270,45160
2018.7.13,45150,5175,45120,45190,45120
2018.7.16,45210,8967,45150,45250,45070
2018.7.17,45080,17053,45210,45210,44950
2018.7.18,44750,21254,45060,45060,44690
2018.7.19,44760,73389,44800,44800,44660
2018.7.20,44710,21781,44790,44830,44650
2018.7.23,44870,19286,45100,45100,44850
2018.7.24,44700,13920,44880,44920,44610
2018.7.25,44620,16503,44750,44750,44540
2018.7.26,44460,26043,44500,44620,44420
2018.7.27,44200,37781,44480,44480,44150
2018.7.30,44150,22094,44200,44210,44090
2018.7.31,44150,27307,44090,44190,44090
,,,,,
,,,,,
,,,,,
,,,,,
,,,,,
,,,,,
,,,,,
,,,,,
,,,,,
,,,,,
,,,,,
,,,,,
,,,,,
,,,,,
,,,,,
,,,,,
,,,,,
,,,,,
,,,,,
,,,,,
,,,,,
,,,,,
,,,,,
,,,,,
,,,,,
,,,,,
,,,,,
,,,,,
,,,,,
,,,,,
,,,,,
,,,,,
,,,,,
,,,,,
,,,,,
,,,,,
,,,,,
,,,,,
,,,,,
,,,,,
,,,,,
,,,,,
,,,,,
,,,,,
,,,,,
,,,,,
,,,,,
,,,,,
,,,,,
,,,,,
,,,,,
,,,,,
,,,,,
,,,,,
,,,,,
,,,,,
,,,,,
,,,,,
,,,,,
,,,,,
,,,,,
,,,,,
,,,,,
,,,,,
,,,,,
,,,,,
,,,,,
,,,,,
,,,,,
,,,,,
,,,,,
,,,,,
,,,,,
,,,,,
,,,,,
,,,,,
,,,,,
,,,,,
,,,,,
,,,,,
,,,,,
,,,,,
,,,,,
,,,,,
,,,,,
,,,,,
,,,,,
,,,,,
,,,,,
,,,,,
,,,,,
,,,,,
,,,,,
,,,,,
,,,,,
,,,,,
,,,,,
,,,,,
,,,,,
,,,,,
,,,,,
,,,,,
,,,,,
,,,,,
,,,,,
,,,,,
,,,,,
,,,,,
,,,,,
,,,,,
,,,,,
,,,,,
,,,,,
,,,,,
,,,,,
,,,,,
,,,,,
,,,,,
,,,,,
,,,,,
,,,,,
,,,,,
,,,,,
,,,,,
,,,,,
,,,,,
,,,,,
,,,,,
,,,,,
,,,,,
,,,,,
,,,,,
,,,,,
,,,,,
,,,,,
,,,,,
,,,,,
,,,,,
,,,,,
,,,,,
,,,,,
,,,,,
,,,,,
,,,,,
,,,,,
,,,,,
,,,,,
,,,,,
,,,,,
,,,,,
,,,,,
,,,,,
,,,,,
,,,,,
,,,,,
,,,,,
,,,,,
,,,,,
,,,,,
,,,,,
,,,,,
,,,,,
,,,,,
,,,,,
,,,,,
,,,,,
,,,,,
,,,,,
,,,,,
,,,,,
,,,,,
,,,,,
,,,,,
,,,,,
,,,,,
,,,,,
,,,,,
,,,,,
,,,,,
,,,,,