timestamp,volume,close,,
2014.3.24,2148000,3806840000,,
2014.3.25,3396000,5996924000,,
2014.3.26,1948000,3447392000,,
2014.3.27,4276000,7558340000,,
2014.3.28,6756000,11931700000,,
2014.3.31,3572000,6324360000,,
2014.4.1,1360000,2403600000,,
2014.4.2,860000,1518780000,,
2014.4.3,640000,1118740000,,
2014.4.4,1120000,1964600000,,
2014.4.7,520000,911620000,,
2014.4.8,1128000,1969480000,,
2014.4.9,5672000,9605114000,,
2014.4.10,2588000,4558800000,,
2014.4.11,4820000,8451620000,,
2014.4.14,1216000,2130760000,,
2014.4.15,1428000,2493672000,,
2014.4.16,1960000,3406288000,,
2014.4.17,2596000,4547540000,,
2014.4.18,5452000,9495100000,,
2014.4.21,3168000,5510776000,,
2014.4.22,4296000,7510416000,,
2014.4.23,10384000,17794700000,,
2014.4.24,3488000,6106768000,,
2014.4.25,4482000,7848246000,,
2014.4.28,3236000,5667780000,,
2014.4.29,3964000,6944600000,,
2014.4.30,3996000,7002096000,,
2014.5.2,8900000,15163860000,,
2014.5.7,1920000,3386020000,,
2014.5.8,736000,1275940000,,
2014.5.9,2860000,4959960000,,
2014.5.12,7684000,12826068000,,
2014.5.13,904000,1563820000,,
2014.5.14,2420000,4171864000,,
2014.5.15,2984000,5173066000,,
2014.5.16,5772000,9973772000,,
2014.5.19,1240000,2135180000,,
2014.5.20,2032000,3494660000,,
2014.5.21,3512000,6040476000,,
2014.5.22,6448000,11269216000,,
2014.5.23,7172000,12520952000,,
2014.5.26,3116000,5426344000,,
2014.5.27,3404000,5911684000,,
2014.5.28,4934000,8561590000,,
2014.5.29,4700000,8116698000,,
2014.5.30,7658000,13252902000,,
2014.6.2,1980000,3427824000,,
2014.6.3,1148000,1986516000,,
2014.6.5,6080000,10267920000,,
2014.6.9,724000,1260040000,,
2014.6.10,140000,240680000,,
2014.6.11,1172000,2017308000,,
2014.6.12,3292000,5699940000,,
2014.6.13,9736000,16757020000,,
2014.6.16,4890000,8448274000,,
2014.6.17,1980000,3384750000,,
2014.6.18,8336000,14028248000,,
2014.6.19,828000,1431628000,,
2014.6.20,3616000,6284204000,,
2014.6.23,4754000,8230382000,,
2014.6.24,5068000,8794636000,,
2014.6.25,12682000,21646104000,,
2014.6.26,4676000,8173498000,,
2014.6.27,5362000,9372296000,,
2014.6.30,3458000,6045906000,,
2014.7.1,760000,1328360000,,
2014.7.2,1820000,3175020000,,
2014.7.3,784000,1377484000,,
2014.7.4,7780000,13238040000,,
2014.7.7,520000,911880000,,
2014.7.8,120000,209000000,,
2014.7.9,560000,971520000,,
2014.7.10,588000,1021740000,,
2014.7.11,10108000,17452320000,,
2014.7.14,2060000,3608700000,,
2014.7.15,300000,519540000,,
2014.7.16,1984000,3424230000,,
2014.7.17,3460000,6020480000,,
2014.7.18,6560000,11411790000,,
2014.7.21,7720000,13196800000,,
2014.7.22,880000,1529320000,,
2014.7.23,5528000,9621420000,,
2014.7.24,4364000,7579190000,,
2014.7.25,10308000,17873500000,,
2014.7.28,4916000,8504264000,,
2014.7.29,3292000,5696920000,,
2014.7.30,5422000,9376112000,,
2014.7.31,3048000,5267532000,,
2014.8.1,2292000,3962904000,,
2014.8.4,780000,1350480000,,
2014.8.5,440000,750880000,,
2014.8.6,160000,270380000,,
2014.8.7,1196000,2018400000,,
2014.8.8,2264000,3819860000,,
2014.8.11,1456000,2461720000,,
2014.8.12,800000,1353020000,,
2014.8.13,2472000,4184500000,,
2014.8.14,6906000,11633350000,,
2014.8.18,1268000,2125500000,,
2014.8.19,1144000,1909100000,,
2014.8.20,2164000,3613080000,,
2014.8.21,7472000,12486620000,,
2014.8.22,10014000,16704346000,,
2014.8.25,2536000,4210516000,,
2014.8.26,4604000,7646236000,,
2014.8.27,4778000,7900162000,,
2014.8.28,5896000,9766876000,,
2014.8.29,11896000,19709788000,,
2014.9.1,4584000,7612900000,,
2014.9.2,1080000,1795600000,,
2014.9.3,8376000,13562140000,,
2014.9.4,2440000,4061346000,,
2014.9.5,4620000,7656572000,,
2014.9.11,1476000,2435344000,,
2014.9.12,4996000,8275228000,,
2014.9.15,2000000,3299520000,,
2014.9.16,1372000,2263618000,,
2014.9.17,2424000,3979180000,,
2014.9.18,12050000,19587955000,,
2014.9.19,7248000,11960600000,,
2014.9.22,3552000,5832920000,,
2014.9.23,5688000,9397224000,,
2014.9.24,5156000,8469630000,,
2014.9.25,4388000,7244922000,,
2014.9.26,16292000,26623432000,,
2014.9.29,5524000,9089010000,,
2014.9.30,5028000,8291852000,,
2014.10.1,3578000,5892630000,,
2014.10.2,2944000,4847640000,,
2014.10.6,1784000,2933172000,,
2014.10.7,160000,262280000,,
2014.10.8,2480000,4076860000,,
2014.10.10,3096000,5091740000,,
2014.10.13,1256000,2052724000,,
2014.10.14,1316000,2151704000,,
2014.10.15,3052000,4985960000,,
2014.10.16,4768000,7770800000,,
2014.10.17,5272000,8571460000,,
2014.10.20,1760000,2849376000,,
2014.10.21,2924000,4689600000,,
2014.10.22,6268000,10044440000,,
2014.10.23,12398000,19667507000,,
2014.10.24,15294000,24236888000,,
2014.10.27,4812000,7675260000,,
2014.10.28,4352000,6934244000,,
2014.10.29,8264000,13144184000,,
2014.10.30,6364000,10119508000,,
2014.10.31,9012000,14342096000,,
2014.11.3,4120000,6540828000,,
2014.11.4,540000,855900000,,
2014.11.5,3796000,5940228000,,
2014.11.6,908000,1444644000,,
2014.11.7,4460000,6995480000,,
2014.11.10,2824000,4410240000,,
2014.11.11,708000,1119500000,,
2014.11.12,2524000,3951310000,,
2014.11.13,5124000,8057828000,,
2014.11.14,5324000,8348222000,,
2014.11.17,2848000,4436620000,,
2014.11.18,1740000,2709560000,,
2014.11.19,4832000,7385660000,,
2014.11.20,5428000,8508780000,,
2014.11.21,10620000,16638860000,,
2014.11.24,3632000,5671800000,,
2014.11.25,14030000,21493160000,,
2014.11.26,7314000,11352180000,,
2014.11.27,8596000,13325466000,,
2014.11.28,10302000,15961038000,,
2014.12.1,480000,743690000,,
2014.12.2,1676000,2567360000,,
2014.12.3,808000,1238820000,,
2014.12.4,1320000,2028450000,,
2014.12.5,11644000,17513000000,,
2014.12.8,1612000,2427720000,,
2014.12.9,2964000,4413490000,,
2014.12.10,2672000,3961500000,,
2014.12.11,3568000,5285300000,,
2014.12.12,6972000,10201800000,,
2014.12.15,1808000,2628560000,,
2014.12.16,11708000,16609700000,,
2014.12.17,5372000,7697760000,,
2014.12.18,4272000,6100658000,,
2014.12.19,8304000,11829138000,,
2014.12.22,2108000,2997616000,,
2014.12.23,5240000,7410000000,,
2014.12.24,7734000,10937370000,,
2014.12.26,8756000,12352872000,,
2014.12.29,5336000,7548470000,,
2014.12.30,4012000,5679062000,,
2015.1.2,3748000,5213880000,,
2015.1.5,500000,706260000,,
2015.1.6,1796000,2472140000,,
2015.1.7,1404000,1934720000,,
2015.1.8,2502000,3439990000,,
2015.1.9,18218000,23874304000,,
2015.1.12,2296000,3025480000,,
2015.1.13,2608000,3398600000,,
2015.1.14,3052000,3973620000,,
2015.1.15,3126000,4061448000,,
2015.1.16,5828000,7483580000,,
2015.1.19,1488000,1912260000,,
2015.1.20,2808000,3591720000,,
2015.1.21,3248000,4150606000,,
2015.1.22,5912000,7560408000,,
2015.1.23,8130000,10384720000,,
2015.1.26,2580000,3292844000,,
2015.1.27,11196000,13904888000,,
2015.1.28,4064000,5170472000,,
2015.1.29,5550000,7063102000,,
2015.1.30,10870000,13807916000,,
2015.2.2,5728000,7254840000,,
2015.2.3,140000,180800000,,
2015.2.4,2748000,3567944000,,
2015.2.5,4792000,6218734000,,
2015.2.6,4512000,5966835000,,
2015.2.9,3158000,4229840000,,
2015.2.10,396000,533248000,,
2015.2.11,5176000,6735460000,,
2015.2.12,3072000,4126818000,,
2015.2.13,7840000,10618982000,,
2015.2.16,6210000,8447090000,,
2015.2.17,6626000,9065895000,,
2015.2.23,684000,939292000,,
2015.2.24,3876000,5329144000,,
2015.2.25,3936000,5436090000,,
2015.2.26,5704000,7884716000,,
2015.2.27,13522000,18481018000,,
2015.3.2,6422000,8958025000,,
2015.3.3,7748000,10571616000,,
2015.3.4,1044000,1476980000,,
2015.3.5,1884000,2682020000,,
2015.3.6,3524000,5036000000,,
2015.3.9,3252000,4639440000,,
2015.3.10,504000,720172000,,
2015.3.11,428000,609840000,,
2015.3.12,2508000,3581480000,,
2015.3.13,4148000,5882530000,,
2015.3.16,1124000,1595860000,,
2015.3.17,1404000,1971660000,,
2015.3.18,2364000,3333180000,,
2015.3.19,4050000,5702678000,,
2015.3.20,8208000,11494972000,,
2015.3.23,1598000,2237382000,,
2015.3.24,4356000,6098334000,,
2015.3.25,4380000,6120428000,,
2015.3.26,4384000,6125148000,,
2015.3.27,13570000,18968081000,,
2015.3.30,4016000,5596260000,,
2015.3.31,2380000,3321500000,,
2015.4.1,17274000,23721516000,,
2015.4.2,3176000,4434760000,,
2015.4.3,1936000,2687786000,,
2015.4.6,140000,194280000,,
2015.4.7,1260000,1756100000,,
2015.4.8,1176000,1635712000,,
2015.4.9,2580000,3590400000,,
2015.4.10,4844000,6689230000,,
2015.4.13,2172000,2996406000,,
2015.4.14,3156000,4354554000,,
2015.4.15,7400000,10204926000,,
2015.4.16,12400000,17104200000,,
2015.4.17,6704000,9288584000,,
2015.4.20,2452000,3416004000,,
2015.4.21,516000,726568000,,
2015.4.22,712000,1005536000,,
2015.4.23,2020000,2844652000,,
2015.4.24,6228000,8782882000,,
2015.4.27,6056000,8573940000,,
2015.4.28,5392000,7636220000,,
2015.4.29,6732000,9545470000,,
2015.4.30,17642000,24801210000,,
2015.5.4,448000,638760000,,
2015.5.6,1688000,2430118000,,
2015.5.7,4656000,6706424000,,
2015.5.8,2324000,3375428000,,
2015.5.11,1936000,2810264000,,
2015.5.12,904000,1322306000,,
2015.5.13,1932000,2855336000,,
2015.5.14,8634000,12722648000,,
2015.5.15,4696000,6950934000,,
2015.5.18,1068000,1580460000,,
2015.5.19,240000,354840000,,
2015.5.20,3202000,4753388000,,
2015.5.21,5408000,8028724000,,
2015.5.22,10144000,15043828000,,
2015.5.26,5066000,7504280000,,
2015.5.27,4196000,6213140000,,
2015.5.28,3236000,4792046000,,
2015.5.29,8434000,12485606000,,
2015.6.1,16080000,23474552000,,
2015.6.2,304000,448960000,,
2015.6.3,448000,664834000,,
2015.6.4,2540000,3771620000,,
2015.6.5,2842000,4223666000,,
2015.6.8,708000,1049992000,,
2015.6.9,600000,885820000,,
2015.6.10,2456000,3637398000,,
2015.6.11,9256000,13711096000,,
2015.6.12,15856000,23514664000,,
2015.6.15,540000,814340000,,
2015.6.16,200000,299720000,,
2015.6.17,500000,749020000,,
2015.6.18,1520000,2277980000,,
2015.6.19,6324000,9471928000,,
2015.6.22,2092000,3141720000,,
2015.6.23,4512000,6761248000,,
2015.6.24,4892000,7295628000,,
2015.6.25,4198000,6253702000,,
2015.6.26,8604000,12797390000,,
2015.6.29,4132000,6154112000,,
2015.6.30,2600000,3864806000,,
2015.7.1,740000,1095780000,,
2015.7.2,560000,833860000,,
2015.7.3,11084000,16054040000,,
2015.7.6,564000,827344000,,
2015.7.7,400000,585860000,,
2015.7.8,2000000,2923560000,,
2015.7.9,2444000,3558230000,,
2015.7.10,3196000,4648356000,,
2015.7.13,804000,1172676000,,
2015.7.14,300000,438800000,,
2015.7.15,5564000,8114240000,,
2015.7.16,5364000,7794080000,,
2015.7.17,13228000,19001702000,,
2015.7.20,2428000,3521196000,,
2015.7.21,260000,370960000,,
2015.7.22,996000,1434376000,,
2015.7.23,5840000,8442868000,,
2015.7.24,7282000,10519360000,,
2015.7.27,2644000,3815130000,,
2015.7.28,2664000,3831780000,,
2015.7.29,3474000,4995568000,,
2015.7.30,4748000,6829764000,,
2015.7.31,4496000,6475574000,,
2015.8.3,792000,1139384000,,
2015.8.4,696000,997344000,,
2015.8.5,856000,1225700000,,
2015.8.6,2588000,3732660000,,
2015.8.7,4172000,5991884000,,
2015.8.10,1704000,2440014000,,
2015.8.11,1704000,2416840000,,
2015.8.12,3982000,5650328000,,
2015.8.13,8100000,11452204000,,
2015.8.17,1824000,2584462000,,
2015.8.18,472000,664540000,,
2015.8.19,2184000,3060932000,,
2015.8.20,13316000,18447182000,,
2015.8.21,13210000,18290074000,,
2015.8.24,2972000,4165152000,,
2015.8.25,3146000,4405258000,,
2015.8.26,3068000,4283660000,,
2015.8.27,2084000,2900424000,,
2015.8.28,9382000,12990440000,,
2015.8.31,3752000,5218526000,,
2015.9.1,820000,1139870000,,
2015.9.2,220000,305800000,,
2015.9.3,1544000,2145152000,,
2015.9.4,4620000,6430470000,,
2015.9.7,1324000,1835892000,,
2015.9.8,80000,111400000,,
2015.9.9,1580000,2213250000,,
2015.9.10,1636000,2270320000,,
2015.9.11,3648000,5053866000,,
2015.9.14,1898000,2632736000,,
2015.9.15,620000,856500000,,
2015.9.16,1908000,2637776000,,
2015.9.17,5828000,8047236000,,
2015.9.18,9096000,12527882000,,
2015.9.21,2376000,3277218000,,
2015.9.22,9748000,13068640000,,
2015.9.23,4326000,5934400000,,
2015.9.24,4618000,6310356000,,
2015.9.25,4668000,6375286000,,
2015.9.30,2764000,3792182000,,
2015.10.1,380000,521300000,,
2015.10.2,3360000,4636720000,,
2015.10.5,1296000,1789104000,,
2015.10.6,636000,875084000,,
2015.10.7,3960000,5470722000,,
2015.10.8,14148000,19317080000,,
2015.10.12,1464000,2035696000,,
2015.10.13,360000,496560000,,
2015.10.14,660000,912180000,,
2015.10.15,3472000,4786286000,,
2015.10.16,3528000,4841170000,,
2015.10.19,1040000,1419520000,,
2015.10.20,2096000,2854440000,,
2015.10.21,5612000,7672426000,,
2015.10.22,6012000,8201320000,,
2015.10.23,8108000,11018300000,,
2015.10.26,1332000,1809390000,,
2015.10.27,4604000,6220750000,,
2015.10.28,4156000,5598500000,,
2015.10.29,8552000,11457830000,,
2015.10.30,5728000,7720160000,,
2015.11.2,560000,748140000,,
2015.11.3,120000,159480000,,
2015.11.4,700000,929540000,,
2015.11.5,628000,835192000,,
2015.11.6,8176000,10570042000,,
2015.11.9,1440000,1909270000,,
2015.11.10,1024000,1354448000,,
2015.11.11,1248000,1652912000,,
2015.11.12,2868000,3805548000,,
2015.11.13,3604000,4753060000,,
2015.11.16,4972000,6430716000,,
2015.11.17,4676000,6033552000,,
2015.11.18,3896000,5139284000,,
2015.11.19,5572000,7316180000,,
2015.11.20,8132000,10645714000,,
2015.11.23,3934000,5166560000,,
2015.11.24,3192000,4184650000,,
2015.11.25,4548000,5947620000,,
2015.11.26,6880000,9007974000,,
2015.11.27,7232000,9452900000,,
2015.11.30,2360000,3097846000,,
2015.12.1,1760000,2296610000,,
2015.12.2,988000,1289520000,,
2015.12.3,1168000,1521044000,,
2015.12.4,3544000,4611896000,,
2015.12.7,1128000,1465076000,,
2015.12.8,1088000,1403780000,,
2015.12.9,1480000,1920060000,,
2015.12.10,1776000,2289040000,,
2015.12.11,4168000,5355716000,,
2015.12.14,6402000,8113182000,,
2015.12.15,1180000,1521000000,,
2015.12.16,7918000,10111768000,,
2015.12.17,5792000,7465656000,,
2015.12.18,9720000,12491950000,,
2015.12.21,2248000,2891020000,,
2015.12.22,3316000,4264060000,,
2015.12.23,4990000,6411280000,,
2015.12.24,11706000,15016300000,,
2015.12.28,4084000,5243370000,,
2015.12.29,4012000,5142340000,,
2015.12.30,3888000,4984060000,,
2016.1.4,1700000,2175480000,,
2016.1.5,740000,943900000,,
2016.1.6,880000,1127560000,,
2016.1.7,1600000,2064440000,,
2016.1.8,3196000,4108460000,,
2016.1.11,780000,999900000,,
2016.1.12,600000,766216000,,
2016.1.13,4478000,5744115000,,
2016.1.14,5104000,6492540000,,
2016.1.15,9296000,11748082000,,
2016.1.18,1340000,1678620000,,
2016.1.19,800000,1010280000,,
2016.1.20,1760000,2217720000,,
2016.1.21,4314000,5391192000,,
2016.1.22,7228000,9019308000,,
2016.1.25,4296000,5358072000,,
2016.1.26,3040000,3784280000,,
2016.1.27,5360000,6669156000,,
2016.1.28,5296000,6598636000,,
2016.1.29,11316000,14127588000,,
2016.2.1,2072000,2567316000,,
2016.2.2,360000,446300000,,
2016.2.3,924000,1153612000,,
2016.2.4,1200000,1494260000,,
2016.2.5,5232000,6512080000,,
2016.2.11,2136000,2605380000,,
2016.2.12,4656000,5606204000,,
2016.2.15,2516000,3008448000,,
2016.2.16,2148000,2608532000,,
2016.2.17,984000,1199716000,,
2016.2.18,5052000,6096848000,,
2016.2.19,7662000,9344688000,,
2016.2.22,2138000,2642533000,,
2016.2.23,2768000,3371340000,,
2016.2.24,3592000,4366168000,,
2016.2.25,5312000,6401632000,,
2016.2.26,8884000,10706796000,,
2016.2.29,6008000,7265160000,,
2016.3.2,940000,1141400000,,
2016.3.3,748000,893210000,,
2016.3.4,3160000,3883620000,,
2016.3.7,5436000,6681616000,,
2016.3.8,484000,596244000,,
2016.3.9,358000,440298000,,
2016.3.10,1608000,2007616000,,
2016.3.11,7368000,9285568000,,
2016.3.14,5512000,6999588000,,
2016.3.15,348000,439680000,,
2016.3.16,452000,571176000,,
2016.3.17,1786000,2279620000,,
2016.3.18,5676000,7216260000,,
2016.3.21,1652000,2105228000,,
2016.3.22,1140000,1452040000,,
2016.3.23,2564000,3276798000,,
2016.3.24,5072000,6467834000,,
2016.3.25,13388000,16767872000,,
2016.3.28,3108000,3944084000,,
2016.3.29,3958000,5007463000,,
2016.3.30,5156000,6514040000,,
2016.3.31,4580000,5778976000,,
2016.4.1,576000,720960000,,
2016.4.4,828000,1043380000,,
2016.4.5,528000,668040000,,
2016.4.6,700000,883700000,,
2016.4.7,2688000,3385820000,,
2016.4.8,4820000,6047988000,,
2016.4.11,5700000,7119776000,,
2016.4.12,1990000,2486140000,,
2016.4.14,2680000,3346232000,,
2016.4.15,5776000,7273844000,,
2016.4.18,968000,1220132000,,
2016.4.19,440000,554380000,,
2016.4.20,1112000,1409408000,,
2016.4.21,6216000,7813578000,,
2016.4.22,9778000,12265332000,,
2016.4.25,5104000,6400616000,,
2016.4.26,1908000,2388456000,,
2016.4.27,2216000,2780852000,,
2016.4.28,6104000,7723755000,,
2016.4.29,7880000,9887052000,,
2016.5.2,1900000,2395208000,,
2016.5.3,460000,586800000,,
2016.5.4,3112000,3946532000,,
2016.5.9,3116000,4010788000,,
2016.5.10,628000,809732000,,
2016.5.11,2776000,3592740000,,
2016.5.12,6586000,8455134000,,
2016.5.13,10600000,13622604000,,
2016.5.16,3332000,4273570000,,
2016.5.17,1140000,1479080000,,
2016.5.18,1376000,1792292000,,
2016.5.19,4472000,5858104000,,
2016.5.20,9558000,12545508000,,
2016.5.23,1596000,2088588000,,
2016.5.24,876000,1142320000,,
2016.5.25,2298000,3012482000,,
2016.5.26,7342000,9635074000,,
2016.5.27,8490000,11177674000,,
2016.5.30,2734000,3621756000,,
2016.5.31,2084000,2761226000,,
2016.6.1,128000,169284000,,
2016.6.2,580000,769060000,,
2016.6.3,2984000,3952064000,,
2016.6.7,1480000,1963480000,,
2016.6.8,1772000,2354816000,,
2016.6.9,3190000,4264815000,,
2016.6.10,5664000,7613132000,,
2016.6.13,2336000,3135444000,,
2016.6.14,408000,544200000,,
2016.6.15,628000,834500000,,
2016.6.16,5310000,7088954000,,
2016.6.17,12062000,16001734000,,
2016.6.20,1708000,2275546000,,
2016.6.21,2092000,2779624000,,
2016.6.22,1256000,1668752000,,
2016.6.23,4184000,5565142000,,
2016.6.24,6448000,8584750000,,
2016.6.27,3032000,4025224000,,
2016.6.28,3106000,4102268000,,
2016.6.29,6616000,8728474000,,
2016.6.30,6768000,8934892000,,
2016.7.1,284000,369320000,,
2016.7.4,268000,348320000,,
2016.7.5,300000,392800000,,
2016.7.6,308000,407240000,,
2016.7.7,2444000,3190224000,,
2016.7.8,2708000,3537628000,,
2016.7.11,1592000,2069564000,,
2016.7.12,808000,1053620000,,
2016.7.13,2800000,3634072000,,
2016.7.14,5888000,7597720000,,
2016.7.15,10902000,14002320000,,
2016.7.18,1260000,1614620000,,
2016.7.19,1180000,1511800000,,
2016.7.20,2320000,2968516000,,
2016.7.21,5836000,7465062000,,
2016.7.22,9214000,11762310000,,
2016.7.25,2276000,2911120000,,
2016.7.26,3108000,3968080000,,
2016.7.27,3992000,5072760000,,
2016.7.28,4900000,6208450000,,
2016.7.29,5872000,7430140000,,
2016.8.1,1744000,2205564000,,
2016.8.2,824000,1041320000,,
2016.8.3,972000,1223520000,,
2016.8.4,4544000,5701742000,,
2016.8.5,7224000,9001248000,,
2016.8.8,2124000,2623232000,,
2016.8.9,2448000,3036440000,,
2016.8.10,2072000,2576268000,,
2016.8.11,5732000,7109960000,,
2016.8.12,13272000,16408688000,,
2016.8.16,2292000,2840630000,,
2016.8.17,1168000,1457980000,,
2016.8.18,1836000,2289500000,,
2016.8.19,5462000,6840265000,,
2016.8.22,3168000,4004450000,,
2016.8.23,1032000,1295786000,,
2016.8.24,2196000,2769960000,,
2016.8.25,5996000,7627242000,,
2016.8.26,6246000,7990150000,,
2016.8.29,2148000,2740402000,,
2016.8.30,1748000,2273262000,,
2016.8.31,1316000,1739290000,,
2016.9.1,196000,250840000,,
2016.9.2,1368000,1757822000,,
2016.9.5,780000,1011820000,,
2016.9.6,5464000,6857744000,,
2016.9.7,1676000,2174500000,,
2016.9.8,4816000,6302540000,,
2016.9.9,13126000,17056844000,,
2016.9.12,3602000,4705546000,,
2016.9.13,2792000,3609966000,,
2016.9.19,560000,713920000,,
2016.9.20,2776000,3555624000,,
2016.9.21,6588000,8461496000,,
2016.9.22,6144000,7881508000,,
2016.9.23,9312000,11951692000,,
2016.9.26,3416000,4378120000,,
2016.9.27,3072000,3936740000,,
2016.9.28,3012000,3870556000,,
2016.9.29,10168000,13097336000,,
2016.9.30,3160000,4058140000,,
2016.10.4,568000,729696000,,
2016.10.5,1016000,1303960000,,
2016.10.6,940000,1222290000,,
2016.10.7,5050000,6639516000,,
2016.10.10,3188000,4189024000,,
2016.10.11,1432000,1883394000,,
2016.10.12,1520000,2000900000,,
2016.10.13,1268000,1670912000,,
2016.10.14,11216000,14571664000,,
2016.10.17,1004000,1321012000,,
2016.10.18,296000,388252000,,
2016.10.19,5332000,7023748000,,
2016.10.20,6444000,8489888000,,
2016.10.21,8964000,11810932000,,
2016.10.24,4594000,6058704000,,
2016.10.25,1452000,1914548000,,
2016.10.26,2932000,3876522000,,
2016.10.27,2270000,2994835000,,
2016.10.28,5520000,7282390000,,
2016.10.31,3064000,4041164000,,
2016.11.1,688000,906960000,,
2016.11.2,564000,742980000,,
2016.11.3,1572000,2072828000,,
2016.11.4,2236000,2951436000,,
2016.11.7,1328000,1746636000,,
2016.11.8,1844000,2415548000,,
2016.11.9,3508000,4634040000,,
2016.11.10,4122000,5365454000,,
2016.11.11,5884000,7650476000,,
2016.11.14,1598000,2070686000,,
2016.11.15,1808000,2348744000,,
2016.11.16,9216000,12058496000,,
2016.11.17,7336000,9542200000,,
2016.11.18,10950000,14212690000,,
2016.11.21,3564000,4610596000,,
2016.11.22,1704000,2215360000,,
2016.11.23,1396000,1825132000,,
2016.11.24,11248000,14603708000,,
2016.11.25,10916000,14284376000,,
2016.11.28,3176000,4155428000,,
2016.11.29,2936000,3836820000,,
2016.11.30,1534000,2009596000,,
2016.12.1,1380000,1805060000,,
2016.12.2,3032000,4009052000,,
2016.12.5,2742000,3727180000,,
2016.12.6,1208000,1651344000,,
2016.12.7,1020000,1390544000,,
2016.12.8,3236000,4414308000,,
2016.12.9,8218000,11172244000,,
2016.12.12,4640000,6308100000,,
2016.12.13,496000,682660000,,
2016.12.14,600000,831520000,,
2016.12.15,2004000,2760740000,,
2016.12.16,4600000,6342984000,,
2016.12.19,1576000,2164472000,,
2016.12.20,1036000,1425028000,,
2016.12.21,2392000,3292212000,,
2016.12.22,9280000,12854472000,,
2016.12.23,10050000,13911266000,,
2016.12.26,1756000,2422600000,,
2016.12.27,1940000,2683100000,,
2016.12.28,2660000,3687200000,,
2016.12.29,5820000,8057780000,,
2017.1.2,6692000,9096980000,,
2017.1.3,444000,620960000,,
2017.1.4,232000,325720000,,
2017.1.5,1508000,2164524000,,
2017.1.6,2584000,3691296000,,
2017.1.9,860000,1223720000,,
2017.1.10,876000,1248604000,,
2017.1.11,652000,923152000,,
2017.1.12,3246000,4611024000,,
2017.1.13,11602000,16490252000,,
2017.1.16,3630000,5155292000,,
2017.1.17,1156000,1640872000,,
2017.1.18,2464000,3490040000,,
2017.1.19,4412000,6252900000,,
2017.1.20,7576000,10730556000,,
2017.1.23,5264000,7444160000,,
2017.1.24,3758000,5295610000,,
2017.1.25,5730000,8063400000,,
2017.1.26,5556000,7835008000,,
2017.1.31,1886000,2659548000,,
2017.2.1,1562000,2199760000,,
2017.2.2,2428000,3409668000,,
2017.2.3,4060000,5704480000,,
2017.2.6,2276000,3195192000,,
2017.2.7,456000,641268000,,
2017.2.8,3664000,5165962000,,
2017.2.9,4670000,6558918000,,
2017.2.10,10768000,15124328000,,
2017.2.13,4120000,5772200000,,
2017.2.14,1796000,2502416000,,
2017.2.15,1258000,1732476000,,
2017.2.16,3748000,5190040000,,
2017.2.17,9156000,12754576000,,
2017.2.20,2430000,3378620000,,
2017.2.21,1824000,2543228000,,
2017.2.22,4880000,6792632000,,
2017.2.23,6126000,8541848000,,
2017.2.24,11992000,16726136000,,
2017.2.27,3974000,5538940000,,
2017.2.28,4680000,6560928000,,
2017.3.2,1086000,1508696000,,
2017.3.3,2356000,3288732000,,
2017.3.6,1820000,2538826000,,
2017.3.7,6236000,8494012000,,
2017.3.8,3348000,4665852000,,
2017.3.9,4602000,6383956000,,
2017.3.10,6134000,8466062000,,
2017.3.13,2020000,2780072000,,
2017.3.14,1260000,1734568000,,
2017.3.15,7712000,10628790000,,
2017.3.16,8058000,11078400000,,
2017.3.17,8262000,11326300000,,
2017.3.20,3468000,4727436000,,
2017.3.21,1656000,2249728000,,
2017.3.22,3660000,4983980000,,
2017.3.23,4082000,5549546000,,
2017.3.24,7924000,10739384000,,
2017.3.27,2746000,3703446000,,
2017.3.28,3070000,4122122000,,
2017.3.29,4996000,6702960000,,
2017.3.30,7334000,9843228000,,
2017.3.31,5142000,6916338000,,
2017.4.3,854000,1153350000,,
2017.4.4,240000,324000000,,
2017.4.5,480000,647700000,,
2017.4.6,1280000,1737600000,,
2017.4.7,5396000,7320948000,,
2017.4.10,3644000,4957446000,,
2017.4.11,610000,827450000,,
2017.4.12,1252000,1699320000,,
2017.4.13,2168000,2964812000,,
2017.4.14,3744000,5123056000,,
2017.4.17,6828000,9204000000,,
2017.4.18,376000,513540000,,
2017.4.19,2728000,3767740000,,
2017.4.20,3282000,4525908000,,
2017.4.21,6658000,9149390000,,
2017.4.24,2510000,3434338000,,
2017.4.25,2420000,3306636000,,
2017.4.26,3728000,5096760000,,
2017.4.27,3404000,4651984000,,
2017.4.28,6420000,8761952000,,
2017.5.2,3718000,5061170000,,
2017.5.4,2452000,3335264000,,
2017.5.8,2550000,3480800000,,
2017.5.10,1904000,2572028000,,
2017.5.11,4844000,6531780000,,
2017.5.12,6918000,9349920000,,
2017.5.15,2752000,3721888000,,
2017.5.16,2340000,3147956000,,
2017.5.17,616000,828392000,,
2017.5.18,2916000,3936116000,,
2017.5.19,6716000,9054970000,,
2017.5.22,4498000,6056790000,,
2017.5.23,660000,891440000,,
2017.5.24,6644000,8720540000,,
2017.5.25,3180000,4292128000,,
2017.5.26,5352000,7228072000,,
2017.5.29,2714000,3648698000,,
2017.5.30,4122000,5540750000,,
2017.5.31,2402000,3224970000,,
2017.6.1,1224000,1639020000,,
2017.6.2,1074000,1438280000,,
2017.6.5,810000,1083050000,,
2017.6.7,1504000,2011384000,,
2017.6.8,2028000,2714520000,,
2017.6.9,5392000,7155540000,,
2017.6.12,1744000,2304000000,,
2017.6.13,992000,1310664000,,
2017.6.14,5760000,7589468000,,
2017.6.15,4978000,6559162000,,
2017.6.16,6056000,7953156000,,
2017.6.19,2202000,2889244000,,
2017.6.20,1278000,1674440000,,
2017.6.21,2812000,3687300000,,
2017.6.22,3798000,4971032000,,
2017.6.23,6968000,9109992000,,
2017.6.26,2750000,3562980000,,
2017.6.27,3720000,4820280000,,
2017.6.28,3646000,4714584000,,
2017.6.29,5504000,7136380000,,
2017.6.30,4448000,5783990000,,
2017.7.3,1040000,1356028000,,
2017.7.4,446000,586640000,,
2017.7.5,824000,1090536000,,
2017.7.6,1080000,1433240000,,
2017.7.7,3488000,4622284000,,
2017.7.10,844000,1117128000,,
2017.7.11,750000,988594000,,
2017.7.12,2312000,3077722000,,
2017.7.13,2976000,3959764000,,
2017.7.14,5096000,6758532000,,
2017.7.17,864000,1140140000,,
2017.7.18,1044000,1386572000,,
2017.7.19,4112000,5451730000,,
2017.7.20,6914000,9139760000,,
2017.7.21,6424000,8492152000,,
2017.7.24,2686000,3528584000,,
2017.7.25,1768000,2327884000,,
2017.7.26,7140000,9393228000,,
2017.7.27,4986000,6570004000,,
2017.7.28,2760000,3630520000,,
2017.7.31,2320000,3049620000,,
2017.8.1,428000,568052000,,
2017.8.2,414000,548316000,,
2017.8.3,968000,1295152000,,
2017.8.4,2328000,3120292000,,
2017.8.7,2456000,3332928000,,
2017.8.8,464000,627060000,,
2017.8.9,1680000,2290480000,,
2017.8.10,2436000,3325440000,,
2017.8.11,4700000,6409484000,,
2017.8.14,1504000,2034820000,,
2017.8.16,1388000,1881416000,,
2017.8.17,5866000,7967756000,,
2017.8.18,8640000,11692176000,,
2017.8.21,4194000,5670104000,,
2017.8.22,1228000,1667540000,,
2017.8.23,2120000,2889940000,,
2017.8.24,3858000,5271060000,,
2017.8.25,8220000,11228716000,,
2017.8.28,8808000,11892696000,,
2017.8.29,2800000,3813168000,,
2017.8.30,4064000,5537500000,,
2017.8.31,3184000,4331812000,,
2017.9.1,3428000,4678610000,,
2017.9.4,1108000,1521240000,,
2017.9.5,822000,1127820000,,
2017.9.6,1430000,1948610000,,
2017.9.7,3332000,4597220000,,
2017.9.8,4312000,6057036000,,
2017.9.11,1642000,2309700000,,
2017.9.12,440000,616000000,,
2017.9.13,952000,1332480000,,
2017.9.14,3888000,5431544000,,
2017.9.15,7996000,11165960000,,
2017.9.18,2992000,4175940000,,
2017.9.19,884000,1234000000,,
2017.9.20,1908000,2674620000,,
2017.9.21,4418000,6183378000,,
2017.9.22,7040000,9846384000,,
2017.9.25,4756000,6624768000,,
2017.9.26,3098000,4322780000,,
2017.9.27,5522000,7701100000,,
2017.9.28,2800000,3903000000,,
2017.9.29,5352000,7487240000,,
2017.10.10,1442000,2023170000,,
2017.10.11,2044000,2867108000,,
2017.10.12,2432000,3421524000,,
2017.10.13,1614000,2247746000,,
2017.10.16,2568000,3579688000,,
2017.10.17,1088000,1508740000,,
2017.10.18,2428000,3377570000,,
2017.10.19,5056000,7028260000,,
2017.10.20,7192000,9999700000,,
2017.10.23,3322000,4610480000,,
2017.10.24,2304000,3194780000,,
2017.10.25,2724000,3777020000,,
2017.10.26,2820000,3901428000,,
2017.10.27,7464000,10326290000,,
2017.10.30,3868000,5355268000,,
2017.10.31,1620000,2243920000,,
2017.11.1,910000,1271800000,,
2017.11.2,938000,1321680000,,
2017.11.3,2910000,4089600000,,
2017.11.6,1766000,2501350000,,
2017.11.7,1338000,1899344000,,
2017.11.8,1540000,2187780000,,
2017.11.9,7756000,10877400000,,
2017.11.10,4648000,6628892000,,
2017.11.13,2844000,4074900000,,
2017.11.14,1040000,1485800000,,
2017.11.15,972000,1385980000,,
2017.11.16,5574000,8014830000,,
2017.11.17,5430000,7784818000,,
2017.11.20,3992000,5719280000,,
2017.11.21,4202000,6020600000,,
2017.11.22,6490000,9311422000,,
2017.11.23,5852000,8396228000,,
2017.11.24,8256000,11859680000,,
2017.11.27,2612000,3741440000,,
2017.11.28,2156000,3085880000,,
2017.11.29,1840000,2631500000,,
2017.11.30,4684000,6737300000,,
2017.12.1,2842000,4049790000,,
2017.12.4,2172000,3123006000,,
2017.12.5,1490000,2119926000,,
2017.12.6,1084000,1551980000,,
2017.12.7,2332000,3345120000,,
2017.12.8,4723087,6792593714,,
2017.12.11,3348576,4806061888,,
2017.12.12,3129078,4486937214,,
2017.12.13,3868823,5575546899,,
2017.12.14,4244343,6121588659,,
2017.12.15,6292480,9045746240,,
2017.12.18,2152945,3095131065,,
2017.12.19,1712738,2463601746,,
2017.12.20,2771602,3986500034,,
2017.12.21,6497712,9350097904,,
2017.12.22,9155636,13140884212,,
2017.12.26,4325791,6211568056,,
2017.12.27,6402683,9222229128,,
2017.12.28,5823541,8361702056,,
2018.1.2,1412000,2029828000,,
2018.1.3,796684,1132885228,,
2018.1.4,1161194,1666887898,,
2018.1.5,4550999,6520961583,,
2018.1.8,7879035,11052105560,,
2018.1.9,1781266,2558168656,,
2018.1.10,3074794,4465140304,,
2018.1.11,3090463,4487347608,,
2018.1.12,8889652,12859143232,,
2018.1.15,2357942,3392385408,,
2018.1.16,2220880,3213773120,,
2018.1.17,1634655,2362680720,,
2018.1.18,2132144,3115095056,,
2018.1.19,4741567,6865031408,,
2018.1.22,1982476,2875813252,,
2018.1.23,4114507,5986393489,,
2018.1.24,4194828,6103699556,,
2018.1.25,6133309,8904631943,,
2018.1.26,8832172,12797481444,,
2018.1.29,5335299,7748796869,,
2018.1.30,2715484,3938305604,,
2018.1.31,2563995,3712664845,,
2018.2.1,1072437,1538937347,,
2018.2.2,3590334,5168783954,,
2018.2.5,1072000,1550550000,,
2018.2.6,966000,1404444000,,
2018.2.7,1490073,2169162142,,
2018.2.8,1838710,2676440340,,
2018.2.9,6787073,9874240142,,
2018.2.12,1566900,2270093100,,
2018.2.13,2394781,3450075859,,
2018.2.14,5406970,7788267830,,
2018.2.19,2160937,3130006162,,
2018.2.20,2192180,3169050680,,
2018.2.21,3179377,4588169602,,
2018.2.22,3930805,5667083930,,
2018.2.23,9116616,13091440416,,
2018.2.26,2978017,4273304140,,
2018.2.27,2723226,3896430920,,
2018.2.28,2460000,3518506000,,
2018.3.2,1450000,2041150000,,
2018.3.5,2370728,3384756480,,
2018.3.6,914184,1301369440,,
2018.3.7,1149028,1630469480,,
2018.3.8,1854729,2658067890,,
2018.3.9,4397376,6259020160,,
2018.3.12,2790605,3984035840,,
2018.3.13,2156254,3077739632,,
2018.3.14,4616422,6586225368,,
2018.3.15,4218321,6003545493,,
2018.3.16,10116086,14335498250,,
2018.3.19,3878087,5500969601,,
2018.3.20,2636539,3722723670,,
2018.3.21,3430657,4859221651,,
2018.3.22,5510944,7799482388,,
2018.3.23,10076874,14192378048,,
2018.3.26,5590646,7909705914,,
2018.3.27,2913221,4118771391,,
2018.3.28,2993763,4232685533,,
2018.3.29,2798732,3968269172,,
2018.3.30,5772881,8166831091,,
2018.4.2,679849,959598033,,
2018.4.3,779412,1108881646,,
2018.4.4,1046038,1489743846,,
2018.4.5,1116286,1589932701,,
2018.4.6,5166635,7363229305,,
2018.4.9,3159067,4511178312,,
2018.4.10,3569559,5113951663,,
2018.4.11,6887149,9887922614,,
2018.4.12,6406941,9174162597,,
2018.4.13,13008815,18663128751,,
2018.4.16,3606429,5144081302,,
2018.4.17,3594547,5149537929,,
2018.4.18,1932435,2771295785,,
2018.4.19,3482164,5016625460,,
2018.4.20,11100169,15930163579,,
2018.4.23,3542919,5089134714,,
2018.4.24,5344007,7720498810,,
2018.4.25,8239488,11893655043,,
2018.4.26,7761918,11214598748,,
2018.4.27,16390476,23651844782,,
2018.4.30,6419509,9277433816,,
2018.5.2,2130296,3109617850,,
2018.5.3,1762556,2576045530,,
2018.5.4,9336080,13655556150,,
2018.5.8,4008758,5874305379,,
2018.5.9,4332640,6355005734,,
2018.5.10,7341761,10868817993,,
2018.5.11,12967677,19045754050,,
2018.5.14,6783635,9981829035,,
2018.5.15,4787041,7086962502,,
2018.5.16,2493320,3684021181,,
2018.5.17,2664823,3974169428,,
2018.5.18,14045708,20793172719,,
2018.5.21,10589357,15838558775,,
2018.5.23,7688833,11639682155,,
2018.5.24,7243124,10990282058,,
2018.5.25,15879372,24041688161,,
2018.5.28,6538897,9917327039,,
2018.5.29,6438585,9796461693,,
2018.5.30,4849886,7351174799,,
2018.5.31,6315127,9563406551,,
2018.6.1,6633815,10019308797,,
2018.6.4,3618015,5438547811,,
2018.6.5,4202967,6322757607,,
2018.6.7,3237599,4854776867,,
2018.6.8,14686835,22016967495,,
2018.6.11,3644252,5430821173,,
2018.6.12,6574606,9782771883,,
2018.6.14,6550598,9764396794,,
2018.6.15,16305160,24184910349,,
2018.6.18,3674757,5429486378,,
2018.6.19,3905429,5768227284,,
2018.6.20,3703537,5479472756,,
2018.6.21,6338669,9382644655,,
2018.6.22,17649707,26023034930,,
2018.6.25,8575649,12642040866,,
2018.6.26,5049307,7424325196,,
2018.6.27,7818132,11517440553,,
2018.6.28,4233036,6240696482,,
2018.6.29,9387204,13812173224,,
2018.7.2,3277772,4852037616,,
2018.7.3,2445995,3638308645,,
2018.7.4,2710449,4027992751,,
2018.7.5,1974511,2953155357,,
2018.7.6,8288255,12366873745,,
2018.7.9,3925636,5870116066,,
2018.7.10,3038456,4538794230,,
2018.7.11,5514701,8309621910,,
2018.7.12,4206469,6346728012,,
2018.7.13,10505808,15767944272,,
2018.7.16,4557867,6839005436,,
2018.7.17,3213915,4832417484,,
2018.7.18,7469469,11307022502,,
2018.7.19,8228228,12375049202,,
2018.7.20,19039942,28585666938,,
2018.7.23,6747762,10101172098,,
2018.7.24,6529424,9714352765,,
2018.7.25,11631265,17274130924,,
2018.7.26,6613060,9858397263,,
2018.7.27,17118665,25594974670,,
2018.7.30,6935176,10345798164,,
2018.7.31,6731541,10116362620,,
,,,,
,,,,
,,,,
,,,,
,,,,
,,,,
,,,,
,,,,
,,,,
,,,,
,,,,
,,,,
,,,,
,,,,
,,,,
,,,,
,,,,
,,,,
,,,,
,,,,
,,,,
,,,,
,,,,
,,,,
,,,,
,,,,
,,,,
,,,,
,,,,
,,,,
,,,,
,,,,
,,,,
,,,,
,,,,
,,,,
,,,,
,,,,
,,,,
,,,,
,,,,
,,,,
,,,,
,,,,
,,,,
,,,,
,,,,
,,,,
,,,,
,,,,
,,,,
,,,,
,,,,
,,,,
,,,,
,,,,
,,,,
,,,,
,,,,
,,,,
,,,,
,,,,
,,,,
,,,,
,,,,
,,,,
,,,,
,,,,
,,,,
,,,,
,,,,
,,,,
,,,,
,,,,
,,,,
,,,,
,,,,
,,,,
,,,,
,,,,
,,,,
,,,,
,,,,
,,,,
,,,,
,,,,
,,,,
,,,,
,,,,
,,,,
,,,,
,,,,
,,,,
,,,,
,,,,
,,,,
,,,,
,,,,
,,,,
,,,,
,,,,
,,,,
,,,,
,,,,
,,,,
,,,,
,,,,
,,,,
,,,,
,,,,
,,,,
,,,,
,,,,
,,,,
,,,,
,,,,
,,,,
,,,,
,,,,
,,,,
,,,,
,,,,
,,,,
,,,,
,,,,
,,,,
,,,,
,,,,
,,,,
,,,,
,,,,
,,,,
,,,,
,,,,
,,,,
,,,,
,,,,
,,,,
,,,,
,,,,
,,,,
,,,,
,,,,
,,,,
,,,,
,,,,
,,,,
,,,,
,,,,
,,,,
,,,,
,,,,
,,,,
,,,,
,,,,
,,,,
,,,,
,,,,
,,,,
,,,,
,,,,
,,,,
,,,,
,,,,
,,,,
,,,,
,,,,
,,,,
,,,,
,,,,
,,,,
,,,,
,,,,
,,,,
,,,,
,,,,
,,,,
,,,,
,,,,
,,,,
,,,,
,,,,
,,,,
,,,,
,,,,
,,,,
,,,,
,,,,
,,,,
,,,,
,,,,
,,,,
,,,,
,,,,
,,,,
,,,,
,,,,